id,nombre,apellido,rol,token,password,pagado,puesto_trabajo,nombre_empresa,email,telefono,pais,interes,alergenos,linkedIn,image_path,cluster,createdAt,updatedAt
1,Alexander,Leblanc,partner,19074a3f-4ee5-4cc6-893c-2f93378ecc5b,fbG)8D_Zu%,0,Coordinador de Programas de e-Learning,Innovate Ltd,zcoleman@example.net,(702)852-9685x154,USA,"[""Finanzas"", ""Educacion""]","[""Peanuts"", ""Lactose""]",http://linkedin.com/in/ficticio,nada,9.0,2024-07-03 10:20:20,2024-07-03 10:20:20
2,Kenneth,Morales,user,50122733-f90d-46cd-86cc-f69789b691dd,@BTcUMOBa1,1,Especialista en LMS (Learning Management Systems),Dev Solutions,roseerika@example.com,286-309-5230,UK,"[""Educacion"", ""Tecnologia""]","[""Gluten"", ""Nada""]",http://linkedin.com/in/ficticio,nada,9.0,2024-07-03 10:20:20,2024-07-03 10:20:20
3,Brad,Dunn,partner,744d2aff-48ef-4d8d-97d0-4f71572a32ad,VEqEsRva&0,1,Productor de Multimedia Educativa,Innovate Ltd,davidhughes@example.net,(893)898-6211x06035,Germany,"[""Salud"", ""Tecnologia""]","[""Peanuts"", ""Nada""]",http://linkedin.com/in/ficticio,nada,9.0,2024-07-03 10:20:20,2024-07-03 10:20:20
4,Christine,Stephenson,speaker,5995b94e-f5bd-4d7b-9065-367f2d5adf18,%AwO2QYajd,0,Desarrollador de Contenidos de e-Learning,Tech Corp,donovanteresa@example.net,817.957.7858x829,UK,"[""Tecnologia"", ""Salud""]","[""Lactose"", ""Peanuts""]",http://linkedin.com/in/ficticio,nada,9.0,2024-07-03 10:20:20,2024-07-03 10:20:20
5,Hunter,Roberts,speaker,77c0c131-b23d-48fd-8c74-c0f3cfb13a0e,^65&cVRt#7,1,Especialista en Evaluación y Certificación en Línea,Innovate Ltd,daviesjeffrey@example.com,(910)922-5074x1277,USA,"[""Educacion"", ""Tecnologia""]","[""Gluten"", ""Nada""]",http://linkedin.com/in/ficticio,nada,9.0,2024-07-03 10:20:20,2024-07-03 10:20:20
6,David,Lucas,speaker,9cb0a7e7-0f2c-4572-a28e-ba60ec2dfedb,c8YTZEgA#N,1,Especialista en LMS (Learning Management Systems),Innovate Ltd,maddenangelica@example.org,(213)552-4653x367,France,"[""Finanzas"", ""Educacion""]","[""Lactose"", ""Gluten""]",http://linkedin.com/in/ficticio,nada,9.0,2024-07-03 10:20:20,2024-07-03 10:20:20
7,Erica,Wolfe,speaker,c1a155de-7feb-47b9-ade4-e4d68fc81fcb,g*wL6%M28o,1,Diseñador Instruccional,Dev Solutions,tracey55@example.com,897-703-1979,España,"[""Salud"", ""Tecnologia""]","[""Gluten"", ""Nada""]",http://linkedin.com/in/ficticio,nada,9.0,2024-07-03 10:20:20,2024-07-03 10:20:20
8,Jillian,Butler,partner,ea088a1b-e80a-4e03-8957-36f5802e7bc4,c@Tp1gAq2p,1,Coordinador de Programas de e-Learning,Dev Solutions,alex66@example.com,4912035888,UK,"[""Salud"", ""Finanzas""]","[""Gluten"", ""Nada""]",http://linkedin.com/in/ficticio,nada,9.0,2024-07-03 10:20:20,2024-07-03 10:20:20
9,Nicole,Young,partner,e791f868-1336-41c1-9cc1-a241a19cdbe4,5^28W9lWKo,1,Analista de Datos Educativos,Innovate Ltd,judymason@example.org,723-297-5924x44561,Germany,"[""Tecnologia"", ""Finanzas""]","[""Peanuts"", ""Nada""]",http://linkedin.com/in/ficticio,nada,9.0,2024-07-03 10:20:20,2024-07-03 10:20:20
10,Tracy,Franco,speaker,0d76babf-7f5e-4a18-84a5-84e9e98c3829,u(gp9$MhXv,0,Diseñador Gráfico para e-Learning,Dev Solutions,lorimitchell@example.net,253.958.2113,España,"[""Finanzas"", ""Salud""]","[""Gluten"", ""Peanuts""]",http://linkedin.com/in/ficticio,nada,9.0,2024-07-03 10:20:20,2024-07-03 10:20:20
11,Jonathan,Norris,user,82a2c05f-897b-49b7-8b36-b56c5039d97d,bJ1DzpDq3#,1,Consultor de e-Learning,Innovate Ltd,itrujillo@example.com,201.247.9856x1058,Canada,"[""Finanzas"", ""Educacion""]","[""Nada"", ""Gluten""]",http://linkedin.com/in/ficticio,nada,9.0,2024-07-03 10:20:20,2024-07-03 10:20:20
12,Richard,Evans,speaker,a91a4cfc-bd0c-4202-add0-7898f20777b9,j%1_)1A)Qp,1,Analista de Datos Educativos,Innovate Ltd,angeljohns@example.com,(617)295-7530x318,Germany,"[""Salud"", ""Educacion""]","[""Gluten"", ""Nada""]",http://linkedin.com/in/ficticio,nada,9.0,2024-07-03 10:20:20,2024-07-03 10:20:20
13,James,Brown,speaker,90f04bf0-6e08-4078-8ee2-60e00a76ac9c,n@7An#Zr#^,1,Analista de Datos Educativos,Innovate Ltd,tmartinez@example.net,+1-209-645-2918x114,Canada,"[""Salud"", ""Finanzas""]","[""Peanuts"", ""Nada""]",http://linkedin.com/in/ficticio,nada,9.0,2024-07-03 10:20:20,2024-07-03 10:20:20
14,Anita,Mcintosh,speaker,00b04922-1819-4b83-bce0-3cdc8064e484,D8Z6FESe+6,1,Coordinador de Programas de e-Learning,Innovate Ltd,nealjason@example.net,+1-654-313-9737,Canada,"[""Educacion"", ""Finanzas""]","[""Gluten"", ""Peanuts""]",http://linkedin.com/in/ficticio,nada,9.0,2024-07-03 10:20:20,2024-07-03 10:20:20
15,Maria,Miller,user,afeb9a85-9dbd-4da9-a82f-14a856f0bc13,^sIgt%d56S,1,Consultor de e-Learning,Tech Corp,wsteele@example.com,256.606.1794,España,"[""Finanzas"", ""Educacion""]","[""Gluten"", ""Peanuts""]",http://linkedin.com/in/ficticio,nada,9.0,2024-07-03 10:20:20,2024-07-03 10:20:20
16,Mark,Giles,user,d34755c1-96fb-4c75-aa43-4be5147d2b9d,6ioAnb+R#h,1,Consultor de e-Learning,Creative Inc,anthony44@example.com,706.835.9184,Germany,"[""Tecnologia"", ""Salud""]","[""Peanuts"", ""Lactose""]",http://linkedin.com/in/ficticio,nada,9.0,2024-07-03 10:20:20,2024-07-03 10:20:20
17,Jamie,Fox,speaker,37fa460f-6b16-40a7-98bf-1abb18876360,)_2CupgXn*,1,Coordinador de Programas de e-Learning,Creative Inc,jesseturner@example.net,(237)346-1509x5716,UK,"[""Finanzas"", ""Salud""]","[""Gluten"", ""Lactose""]",http://linkedin.com/in/ficticio,nada,9.0,2024-07-03 10:20:20,2024-07-03 10:20:20
18,Elizabeth,Booth,partner,e7149005-c97a-45b4-aa47-850fc8027b76,*2v!Ve%DD@,0,Tutor o Facilitador de e-Learning,Dev Solutions,mason11@example.com,434-957-1152,Germany,"[""Salud"", ""Educacion""]","[""Peanuts"", ""Lactose""]",http://linkedin.com/in/ficticio,nada,9.0,2024-07-03 10:20:20,2024-07-03 10:20:20
19,Vanessa,Ponce,partner,d1f56d19-a731-4a3f-873e-e95a49d52e4c,r&91gAgvr@,1,Consultor de e-Learning,Innovate Ltd,robin23@example.net,574-236-2417x39545,Canada,"[""Educacion"", ""Tecnologia""]","[""Gluten"", ""Lactose""]",http://linkedin.com/in/ficticio,nada,9.0,2024-07-03 10:20:20,2024-07-03 10:20:20
20,Tracy,Myers,partner,46fd478a-5644-4f9d-86d1-841212b6e842,wIr9Li9IY@,1,Productor de Multimedia Educativa,Dev Solutions,lisacole@example.org,310-806-1530x28654,France,"[""Tecnologia"", ""Salud""]","[""Peanuts"", ""Nada""]",http://linkedin.com/in/ficticio,nada,9.0,2024-07-03 10:20:20,2024-07-03 10:20:20
21,Abigail,Lynn,speaker,9d1c9220-b4ed-4545-a698-3a9ea57535f9,iC0@A&kp)+,1,Diseñador Gráfico para e-Learning,Dev Solutions,lindseyyoung@example.com,001-410-451-2341,Germany,"[""Salud"", ""Finanzas""]","[""Peanuts"", ""Gluten""]",http://linkedin.com/in/ficticio,nada,9.0,2024-07-03 10:20:20,2024-07-03 10:20:20
22,Rachael,Walker,speaker,652aad95-20ca-4314-a63d-4b5372ef8d20,S#W1JZTsNW,0,Tutor o Facilitador de e-Learning,Innovate Ltd,kimberly20@example.net,312-435-9178,Canada,"[""Salud"", ""Finanzas""]","[""Lactose"", ""Peanuts""]",http://linkedin.com/in/ficticio,nada,9.0,2024-07-03 10:20:20,2024-07-03 10:20:20
23,Justin,Hill,partner,ce3503da-98d2-416e-90b1-88b246965f4d,%M8Cz!k!G+,0,Coordinador de Programas de e-Learning,Creative Inc,taylor60@example.com,496-341-0948x4613,USA,"[""Salud"", ""Finanzas""]","[""Gluten"", ""Lactose""]",http://linkedin.com/in/ficticio,nada,9.0,2024-07-03 10:20:20,2024-07-03 10:20:20
24,John,Wilson,user,fbee3019-209c-43d7-9601-3154d8db4c9b,X&sL@RyP+9,1,Diseñador Instruccional,Dev Solutions,fhansen@example.com,+1-292-391-8576x004,Canada,"[""Finanzas"", ""Salud""]","[""Gluten"", ""Peanuts""]",http://linkedin.com/in/ficticio,nada,9.0,2024-07-03 10:20:20,2024-07-03 10:20:20
25,Stephen,Rhodes,speaker,6bb288d4-a9c4-46a5-8e1c-23b3337bb9c0,w478FjLq*+,1,Coordinador de Programas de e-Learning,Creative Inc,brockdebra@example.org,(511)408-1467x61559,UK,"[""Tecnologia"", ""Finanzas""]","[""Nada"", ""Peanuts""]",http://linkedin.com/in/ficticio,nada,9.0,2024-07-03 10:20:20,2024-07-03 10:20:20
26,Michael,Barnes,user,894cae58-581d-4ea4-a905-765fe86d44ec,$EI@iXTMn5,0,Especialista en Evaluación y Certificación en Línea,Innovate Ltd,kevinwall@example.com,5949049036,Germany,"[""Tecnologia"", ""Salud""]","[""Gluten"", ""Peanuts""]",http://linkedin.com/in/ficticio,nada,9.0,2024-07-03 10:20:20,2024-07-03 10:20:20
27,Connie,Quinn,user,b71b0441-e89e-4166-bdcf-6f02abc1ad4f,WS2H&fsc+),1,Diseñador Instruccional,Dev Solutions,christopher75@example.net,001-346-607-4708x6221,USA,"[""Tecnologia"", ""Finanzas""]","[""Gluten"", ""Peanuts""]",http://linkedin.com/in/ficticio,nada,9.0,2024-07-03 10:20:20,2024-07-03 10:20:20
28,Justin,Kelly,user,3bc34313-614d-4c8e-87b0-562e7f8cfd54,5l0A!s!fO$,0,Analista de Datos Educativos,Innovate Ltd,jonescarl@example.com,2377017442,España,"[""Finanzas"", ""Tecnologia""]","[""Peanuts"", ""Nada""]",http://linkedin.com/in/ficticio,nada,9.0,2024-07-03 10:20:20,2024-07-03 10:20:20
29,Wendy,Smith,speaker,9acc4e2b-bbc8-40d3-869e-47b331256a35,)O!30Ku9fG,1,Tutor o Facilitador de e-Learning,Dev Solutions,dianaaguirre@example.com,678-858-8345,UK,"[""Finanzas"", ""Salud""]","[""Nada"", ""Peanuts""]",http://linkedin.com/in/ficticio,nada,9.0,2024-07-03 10:20:20,2024-07-03 10:20:20
30,Spencer,Snow,user,5bb6f498-43fd-43cd-874b-772e0b446672,3WSrtSj)*t,1,Productor de Multimedia Educativa,Creative Inc,christophersantiago@example.com,001-284-756-0342x5976,Canada,"[""Tecnologia"", ""Educacion""]","[""Gluten"", ""Peanuts""]",http://linkedin.com/in/ficticio,nada,9.0,2024-07-03 10:20:20,2024-07-03 10:20:20
31,Cynthia,Adams,speaker,85e50326-897c-4789-857a-bd3940ebce25,%1+mRyuR6Y,0,Productor de Multimedia Educativa,Tech Corp,timothymiller@example.net,001-608-955-6662,France,"[""Finanzas"", ""Tecnologia""]","[""Peanuts"", ""Nada""]",http://linkedin.com/in/ficticio,nada,9.0,2024-07-03 10:20:20,2024-07-03 10:20:20
32,Larry,Wood,partner,a8700cc4-16ff-41cc-87d6-727f45641ae8,K%4+3_UuYl,1,Coordinador de Programas de e-Learning,Dev Solutions,pandrews@example.net,(967)732-4497x252,Canada,"[""Finanzas"", ""Educacion""]","[""Nada"", ""Lactose""]",http://linkedin.com/in/ficticio,nada,9.0,2024-07-03 10:20:20,2024-07-03 10:20:20
33,Michael,Dickerson,speaker,58c6d9bf-7121-426a-8c12-7abf455e6cfb,_Sh8GZwm%K,1,Productor de Multimedia Educativa,Innovate Ltd,wglenn@example.net,(389)250-6492,France,"[""Educacion"", ""Finanzas""]","[""Lactose"", ""Peanuts""]",http://linkedin.com/in/ficticio,nada,9.0,2024-07-03 10:20:20,2024-07-03 10:20:20
34,Judith,Campos,user,942288a2-334a-4b2c-9586-26dbd2a4bc5b,)M7mQ(Vr8),0,Especialista en LMS (Learning Management Systems),Innovate Ltd,keithmyers@example.net,890.240.9385x51763,España,"[""Finanzas"", ""Educacion""]","[""Gluten"", ""Peanuts""]",http://linkedin.com/in/ficticio,nada,9.0,2024-07-03 10:20:20,2024-07-03 10:20:20
35,Jennifer,White,speaker,559668a1-d4c2-4a4f-bc1d-b6285f5469d7,ZpL78XfLB@,0,Especialista en LMS (Learning Management Systems),Creative Inc,josegarcia@example.com,001-324-793-5959x20901,Canada,"[""Educacion"", ""Finanzas""]","[""Gluten"", ""Peanuts""]",http://linkedin.com/in/ficticio,nada,9.0,2024-07-03 10:20:20,2024-07-03 10:20:20
36,Roberta,Brown,speaker,09289239-5ac9-402c-8da7-1e89cba5b60c,A7R2pZKh(8,0,Diseñador Gráfico para e-Learning,Dev Solutions,josephanderson@example.com,+1-933-216-2920,Canada,"[""Tecnologia"", ""Educacion""]","[""Lactose"", ""Peanuts""]",http://linkedin.com/in/ficticio,nada,9.0,2024-07-03 10:20:20,2024-07-03 10:20:20
37,Samuel,Bryant,partner,687b2581-4a42-450f-8444-dc86e3fe8433,fG1N7+e6!B,1,Productor de Multimedia Educativa,Creative Inc,lucaswendy@example.com,601.670.9635,USA,"[""Tecnologia"", ""Educacion""]","[""Gluten"", ""Nada""]",http://linkedin.com/in/ficticio,nada,9.0,2024-07-03 10:20:20,2024-07-03 10:20:20
38,Andrea,Rodriguez,speaker,1f301774-30bf-4d1a-a2b8-c857eadc0211,+6b@Fcf^yl,0,Coordinador de Programas de e-Learning,Innovate Ltd,jamesmccarty@example.net,001-800-336-5977x1823,France,"[""Educacion"", ""Tecnologia""]","[""Lactose"", ""Nada""]",http://linkedin.com/in/ficticio,nada,9.0,2024-07-03 10:20:20,2024-07-03 10:20:20
39,Sarah,Robertson,speaker,7c4b2280-092e-4a82-82a4-d9073980e599,K@1SwSdIh%,0,Coordinador de Programas de e-Learning,Dev Solutions,jonesbenjamin@example.net,806.859.5325x57873,España,"[""Finanzas"", ""Salud""]","[""Gluten"", ""Lactose""]",http://linkedin.com/in/ficticio,nada,9.0,2024-07-03 10:20:20,2024-07-03 10:20:20
40,Stanley,Gonzalez,speaker,c93888c6-444d-4849-b9f0-61b98b9acb45,_0Z@dl$#$U,1,Diseñador Instruccional,Dev Solutions,sellerslisa@example.com,216.564.2341x4320,España,"[""Tecnologia"", ""Salud""]","[""Peanuts"", ""Nada""]",http://linkedin.com/in/ficticio,nada,9.0,2024-07-03 10:20:20,2024-07-03 10:20:20
41,Cassandra,Davis,partner,222a9ffa-5bca-4641-894b-1b712e5e6b2c,h!h7EPvwvE,0,Analista de Datos Educativos,Dev Solutions,natasha48@example.net,(621)676-6581,UK,"[""Educacion"", ""Tecnologia""]","[""Lactose"", ""Nada""]",http://linkedin.com/in/ficticio,nada,9.0,2024-07-03 10:20:20,2024-07-03 10:20:20
42,Tanya,Crawford,speaker,3a1ac16b-c351-4d09-82ec-766d0edf8598,k8bSeYC7+x,1,Coordinador de Programas de e-Learning,Creative Inc,jill13@example.org,(967)697-9848x918,France,"[""Salud"", ""Educacion""]","[""Gluten"", ""Lactose""]",http://linkedin.com/in/ficticio,nada,9.0,2024-07-03 10:20:20,2024-07-03 10:20:20
43,Charles,Brown,partner,7fd637d0-6f4b-48ed-a1ed-a1498860afc1,B7Jzcghd%),0,Coordinador de Programas de e-Learning,Dev Solutions,crawfordjames@example.com,626.259.9541x231,France,"[""Finanzas"", ""Educacion""]","[""Lactose"", ""Peanuts""]",http://linkedin.com/in/ficticio,nada,9.0,2024-07-03 10:20:20,2024-07-03 10:20:20
44,April,Matthews,user,cb43b1eb-5b90-4ee2-ba1d-889dcaf6629c,$lKFwg!4U1,0,Tutor o Facilitador de e-Learning,Innovate Ltd,watsonbrian@example.org,913-583-6132x387,USA,"[""Educacion"", ""Salud""]","[""Gluten"", ""Peanuts""]",http://linkedin.com/in/ficticio,nada,9.0,2024-07-03 10:20:20,2024-07-03 10:20:20
45,James,Becker,speaker,959f9863-2877-4417-a824-a57bebe3f488,V1jUx%OM_@,1,Tutor o Facilitador de e-Learning,Innovate Ltd,john45@example.com,+1-413-617-0370x07262,UK,"[""Educacion"", ""Tecnologia""]","[""Lactose"", ""Gluten""]",http://linkedin.com/in/ficticio,nada,9.0,2024-07-03 10:20:20,2024-07-03 10:20:20
46,Emily,Griffin,speaker,6f7998d3-ec9e-46d3-8a00-151f16ca4df4,q6U79ql0!9,0,Tutor o Facilitador de e-Learning,Innovate Ltd,hannah67@example.com,977.428.5117x0673,Canada,"[""Finanzas"", ""Educacion""]","[""Lactose"", ""Peanuts""]",http://linkedin.com/in/ficticio,nada,9.0,2024-07-03 10:20:20,2024-07-03 10:20:20
47,Jason,Park,speaker,5e92c352-e72e-4866-909d-ac9feefb9e9e,(F0GyOl*9w,1,Consultor de e-Learning,Tech Corp,dianetaylor@example.net,560.651.5053,España,"[""Salud"", ""Finanzas""]","[""Gluten"", ""Lactose""]",http://linkedin.com/in/ficticio,nada,9.0,2024-07-03 10:20:20,2024-07-03 10:20:20
48,Kyle,Fischer,speaker,15d8ed1d-80f0-44a5-99d3-a2f2a7abac6f,EaJiNhm)$6,0,Diseñador Instruccional,Innovate Ltd,adkinssamantha@example.com,2569848869,UK,"[""Educacion"", ""Finanzas""]","[""Nada"", ""Gluten""]",http://linkedin.com/in/ficticio,nada,9.0,2024-07-03 10:20:20,2024-07-03 10:20:20
49,Darrell,Robles,user,7e3210bc-9f35-416a-80ac-8339d3367547,HGTsoIgw&4,0,Productor de Multimedia Educativa,Innovate Ltd,jimmybennett@example.org,7155852387,UK,"[""Salud"", ""Tecnologia""]","[""Lactose"", ""Peanuts""]",http://linkedin.com/in/ficticio,nada,9.0,2024-07-03 10:20:20,2024-07-03 10:20:20
50,Justin,Jacobs,partner,79c08a63-a8f5-402f-80a3-1926fbd58068,d8UYO$Xp#a,1,Diseñador Gráfico para e-Learning,Innovate Ltd,ddalton@example.com,(676)810-1756,Canada,"[""Finanzas"", ""Salud""]","[""Nada"", ""Gluten""]",http://linkedin.com/in/ficticio,nada,9.0,2024-07-03 10:20:20,2024-07-03 10:20:20
51,Karen,Anderson,speaker,3774f678-f941-4a59-ab42-a44a84f1366f,RH)4HmxG2X,0,Especialista en Evaluación y Certificación en Línea,Dev Solutions,martin69@example.org,910-679-9478x9796,España,"[""Finanzas"", ""Salud""]","[""Lactose"", ""Gluten""]",http://linkedin.com/in/ficticio,nada,9.0,2024-07-03 10:20:20,2024-07-03 10:20:20
52,Emily,Swanson,partner,830226ab-3f3c-4acc-8262-6fe453b8e57b,D^0SIUFc_K,0,Diseñador Instruccional,Tech Corp,brandonbradford@example.net,260.211.0122x32452,Canada,"[""Tecnologia"", ""Salud""]","[""Peanuts"", ""Nada""]",http://linkedin.com/in/ficticio,nada,9.0,2024-07-03 10:20:20,2024-07-03 10:20:20
53,Megan,Fisher,user,edadd951-bbbc-4f01-89b2-fcfaf5197ae2,&2VRc1VW8S,0,Coordinador de Programas de e-Learning,Innovate Ltd,larryross@example.net,6402648331,Canada,"[""Finanzas"", ""Educacion""]","[""Gluten"", ""Peanuts""]",http://linkedin.com/in/ficticio,nada,9.0,2024-07-03 10:20:20,2024-07-03 10:20:20
54,Nathaniel,Bass,speaker,f8734d60-9322-4f20-b8d4-44168485a1ba,Jom3gREx$k,0,Desarrollador de Contenidos de e-Learning,Innovate Ltd,robertboyd@example.com,235.994.6645,Canada,"[""Educacion"", ""Finanzas""]","[""Peanuts"", ""Lactose""]",http://linkedin.com/in/ficticio,nada,9.0,2024-07-03 10:20:20,2024-07-03 10:20:20
55,Theresa,Hodge,speaker,5ea4d3f2-cdd8-496f-a017-29b7028e6a25,!1fZwEK!E3,1,Especialista en Evaluación y Certificación en Línea,Innovate Ltd,cphillips@example.com,+1-434-493-0468x617,Germany,"[""Tecnologia"", ""Salud""]","[""Peanuts"", ""Nada""]",http://linkedin.com/in/ficticio,nada,9.0,2024-07-03 10:20:20,2024-07-03 10:20:20
56,Joseph,Reed,speaker,7387305f-da3c-4e0d-b1cf-cd87a0665a46,3u7A2uJ4_s,0,Especialista en LMS (Learning Management Systems),Creative Inc,cindybarnett@example.org,809.659.1507x9921,UK,"[""Salud"", ""Tecnologia""]","[""Peanuts"", ""Lactose""]",http://linkedin.com/in/ficticio,nada,9.0,2024-07-03 10:20:20,2024-07-03 10:20:20
57,Brian,Watson,speaker,c0c876b9-0dc9-4b54-a080-a2eadc4c79fd,!e(eP(zW31,1,Diseñador Instruccional,Dev Solutions,mitchellbrooks@example.org,(775)437-2417x275,USA,"[""Tecnologia"", ""Salud""]","[""Gluten"", ""Lactose""]",http://linkedin.com/in/ficticio,nada,9.0,2024-07-03 10:20:20,2024-07-03 10:20:20
58,Cindy,Mcclain,partner,fbaed7a1-c980-4d67-94bd-dbd68ca8101d,vEIV6IFp@8,1,Consultor de e-Learning,Innovate Ltd,michelesmith@example.org,+1-618-829-1308x129,Germany,"[""Salud"", ""Finanzas""]","[""Lactose"", ""Nada""]",http://linkedin.com/in/ficticio,nada,9.0,2024-07-03 10:20:20,2024-07-03 10:20:20
59,Laura,Morrison,speaker,63e30cde-ef87-4a08-8e97-c8590d2050ed,h4dOigKP_R,1,Diseñador Instruccional,Tech Corp,slopez@example.net,(713)534-5487x50381,USA,"[""Educacion"", ""Finanzas""]","[""Lactose"", ""Peanuts""]",http://linkedin.com/in/ficticio,nada,9.0,2024-07-03 10:20:20,2024-07-03 10:20:20
60,Sean,Lee,speaker,72fe7da5-6c29-4306-bef1-e0bbbb5483de,L5QchFAu&o,1,Productor de Multimedia Educativa,Creative Inc,zdominguez@example.net,7263108254,France,"[""Tecnologia"", ""Salud""]","[""Gluten"", ""Nada""]",http://linkedin.com/in/ficticio,nada,9.0,2024-07-03 10:20:20,2024-07-03 10:20:20
61,William,Sanders,partner,595d231b-645f-4a43-b01e-2e3eb4283675,32KDOjut(v,0,Especialista en Evaluación y Certificación en Línea,Innovate Ltd,april84@example.com,001-950-942-7338x443,España,"[""Educacion"", ""Finanzas""]","[""Peanuts"", ""Nada""]",http://linkedin.com/in/ficticio,nada,9.0,2024-07-03 10:20:20,2024-07-03 10:20:20
62,Timothy,Sherman,user,16bb13b2-32e5-4254-a93e-2e3792a4ae4a,M5(2kBvY!P,1,Diseñador Gráfico para e-Learning,Tech Corp,zorozco@example.net,226.484.0966,Germany,"[""Salud"", ""Finanzas""]","[""Nada"", ""Lactose""]",http://linkedin.com/in/ficticio,nada,9.0,2024-07-03 10:20:20,2024-07-03 10:20:20
63,Christopher,Brown,user,c993a7d3-066a-4354-8959-5ada279db54e,X&0#ODbdPe,0,Especialista en LMS (Learning Management Systems),Dev Solutions,yhughes@example.org,(343)471-0683x3078,Canada,"[""Salud"", ""Educacion""]","[""Nada"", ""Peanuts""]",http://linkedin.com/in/ficticio,nada,9.0,2024-07-03 10:20:20,2024-07-03 10:20:20
64,Alexander,Smith,partner,a420a749-29f7-4dda-9d7f-ef55178a22bb,!N8LJtu+@W,0,Diseñador Instruccional,Dev Solutions,nclark@example.com,+1-402-263-6672x67606,Canada,"[""Educacion"", ""Salud""]","[""Gluten"", ""Peanuts""]",http://linkedin.com/in/ficticio,nada,9.0,2024-07-03 10:20:20,2024-07-03 10:20:20
65,Kathryn,Gray,partner,252004d9-0333-4217-9c97-0c9f05277c84,KT!7IfHJWZ,0,Desarrollador de Contenidos de e-Learning,Innovate Ltd,bsmith@example.com,+1-813-744-9685x8213,Canada,"[""Finanzas"", ""Educacion""]","[""Nada"", ""Peanuts""]",http://linkedin.com/in/ficticio,nada,9.0,2024-07-03 10:20:20,2024-07-03 10:20:20
66,Linda,Thompson,user,90b18c6a-e378-4604-83be-2a2f262a8c98,eaQ3U$Oa^l,1,Desarrollador de Contenidos de e-Learning,Creative Inc,monicagreen@example.net,293.629.7591x752,USA,"[""Finanzas"", ""Educacion""]","[""Gluten"", ""Nada""]",http://linkedin.com/in/ficticio,nada,9.0,2024-07-03 10:20:20,2024-07-03 10:20:20
67,Ashley,Baker,user,65ea1dca-6b79-4fdf-8885-3ce87c06492d,$1LCNeSH3g,0,Productor de Multimedia Educativa,Innovate Ltd,benjaminward@example.org,001-408-850-1604,USA,"[""Salud"", ""Finanzas""]","[""Gluten"", ""Nada""]",http://linkedin.com/in/ficticio,nada,9.0,2024-07-03 10:20:20,2024-07-03 10:20:20
68,Vanessa,Yates,partner,82d9f384-47de-4f7b-96b0-8fbf9c5741c5,$1QnWBamBO,0,Productor de Multimedia Educativa,Tech Corp,mary33@example.com,782.984.2893,Canada,"[""Tecnologia"", ""Finanzas""]","[""Nada"", ""Lactose""]",http://linkedin.com/in/ficticio,nada,9.0,2024-07-03 10:20:20,2024-07-03 10:20:20
69,Raymond,Elliott,partner,791cb12d-a862-4025-a2f6-200dbc9d4dad,!m7PCdlN*@,0,Productor de Multimedia Educativa,Innovate Ltd,idoyle@example.com,363-852-2406x2681,France,"[""Educacion"", ""Salud""]","[""Peanuts"", ""Gluten""]",http://linkedin.com/in/ficticio,nada,9.0,2024-07-03 10:20:20,2024-07-03 10:20:20
70,Hailey,Wolf,user,e4205506-4151-4693-a355-b3a42be5f865,%ppGWAUvA9,0,Especialista en LMS (Learning Management Systems),Tech Corp,rebeccahanson@example.org,301.603.5044,France,"[""Educacion"", ""Finanzas""]","[""Nada"", ""Gluten""]",http://linkedin.com/in/ficticio,nada,9.0,2024-07-03 10:20:20,2024-07-03 10:20:20
71,Patrick,Larson,partner,cd01f2e3-231b-4644-a732-14605544e860,yIdc9Tr5#&,0,Especialista en Evaluación y Certificación en Línea,Innovate Ltd,smithbrenda@example.com,6709952608,UK,"[""Tecnologia"", ""Salud""]","[""Gluten"", ""Nada""]",http://linkedin.com/in/ficticio,nada,9.0,2024-07-03 10:20:20,2024-07-03 10:20:20
72,Jessica,Rose,speaker,a9feb9d3-446e-4b0d-a9cc-d2588a23cbb3,i_1KFdz1w),0,Consultor de e-Learning,Creative Inc,amanda60@example.org,+1-979-771-7125x4424,France,"[""Salud"", ""Educacion""]","[""Peanuts"", ""Gluten""]",http://linkedin.com/in/ficticio,nada,9.0,2024-07-03 10:20:20,2024-07-03 10:20:20
73,Tammy,Booth,speaker,d9fbef35-272a-4315-b389-d343f7d9df02,a3_2DtqM^2,0,Diseñador Gráfico para e-Learning,Tech Corp,robertgeorge@example.net,307-788-6152x898,France,"[""Tecnologia"", ""Educacion""]","[""Nada"", ""Peanuts""]",http://linkedin.com/in/ficticio,nada,9.0,2024-07-03 10:20:20,2024-07-03 10:20:20
74,Joy,Petersen,partner,9a5c378b-a164-4c93-a6b2-41903b8abb36,6%+8WHwlSh,0,Especialista en Evaluación y Certificación en Línea,Innovate Ltd,erica63@example.com,522.397.4899x95346,Canada,"[""Finanzas"", ""Educacion""]","[""Peanuts"", ""Gluten""]",http://linkedin.com/in/ficticio,nada,9.0,2024-07-03 10:20:20,2024-07-03 10:20:20
75,Mary,Wilson,speaker,b0a4ba27-7803-40af-892a-8a65fd8b53e6,Fj6v6GR9+8,1,Tutor o Facilitador de e-Learning,Innovate Ltd,clarkandrew@example.org,(492)769-1312x0162,España,"[""Salud"", ""Finanzas""]","[""Gluten"", ""Nada""]",http://linkedin.com/in/ficticio,nada,9.0,2024-07-03 10:20:20,2024-07-03 10:20:20
76,Albert,Reyes,partner,dc2644d6-2c2a-4917-8966-06f14e46c03e,%7IHeCOl@u,0,Productor de Multimedia Educativa,Dev Solutions,virginia21@example.com,(253)760-1550x08915,USA,"[""Tecnologia"", ""Educacion""]","[""Gluten"", ""Lactose""]",http://linkedin.com/in/ficticio,nada,9.0,2024-07-03 10:20:20,2024-07-03 10:20:20
77,Kenneth,Castaneda,partner,6879bd44-e3b6-4f6f-890f-626b39fa9eb6,!TTKJrjx6!,0,Diseñador Gráfico para e-Learning,Dev Solutions,austinjones@example.org,001-407-497-5081x558,España,"[""Educacion"", ""Tecnologia""]","[""Peanuts"", ""Nada""]",http://linkedin.com/in/ficticio,nada,9.0,2024-07-03 10:20:20,2024-07-03 10:20:20
78,Wanda,Smith,user,456f01a3-3916-4ea0-88e6-48a1003a2f17,7yq)Abxe#h,0,Especialista en LMS (Learning Management Systems),Dev Solutions,allenjonathan@example.net,(249)918-9212x1175,UK,"[""Tecnologia"", ""Finanzas""]","[""Nada"", ""Peanuts""]",http://linkedin.com/in/ficticio,nada,9.0,2024-07-03 10:20:20,2024-07-03 10:20:20
79,Daniel,Mueller,speaker,63cf6cde-445a-419f-a240-3941efa3b036,ATA#E5Rz9y,1,Consultor de e-Learning,Tech Corp,ngreen@example.net,4858996369,France,"[""Salud"", ""Finanzas""]","[""Nada"", ""Peanuts""]",http://linkedin.com/in/ficticio,nada,9.0,2024-07-03 10:20:20,2024-07-03 10:20:20
80,Kevin,Saunders,speaker,c60baf29-66d4-49e4-b29e-8c6a910eca72,K!VB9DYcuF,0,Tutor o Facilitador de e-Learning,Dev Solutions,thomasmiller@example.net,389-573-4537,UK,"[""Finanzas"", ""Educacion""]","[""Peanuts"", ""Lactose""]",http://linkedin.com/in/ficticio,nada,9.0,2024-07-03 10:20:20,2024-07-03 10:20:20
81,Tammy,Briggs,user,88891257-f88f-4a6e-a5a1-e11fa72d302a,$ZZ5#KFoUt,1,Analista de Datos Educativos,Dev Solutions,jeffreynguyen@example.net,8586965603,UK,"[""Tecnologia"", ""Finanzas""]","[""Nada"", ""Gluten""]",http://linkedin.com/in/ficticio,nada,9.0,2024-07-03 10:20:20,2024-07-03 10:20:20
82,Tammy,Anderson,speaker,2ed7ebd8-056c-4ffd-b653-2e5045127a78,U*O9PAhUGu,0,Desarrollador de Contenidos de e-Learning,Creative Inc,collinscory@example.com,+1-831-791-0433x065,UK,"[""Tecnologia"", ""Educacion""]","[""Lactose"", ""Nada""]",http://linkedin.com/in/ficticio,nada,9.0,2024-07-03 10:20:20,2024-07-03 10:20:20
83,Jill,Durham,partner,5b4907bf-f09f-4981-9c01-16ba1594d9a2,&9KwGub0&),1,Consultor de e-Learning,Tech Corp,lbarber@example.com,(331)237-0201,UK,"[""Tecnologia"", ""Finanzas""]","[""Lactose"", ""Gluten""]",http://linkedin.com/in/ficticio,nada,9.0,2024-07-03 10:20:20,2024-07-03 10:20:20
84,Brooke,Vasquez,speaker,8aad9dec-8ece-4b2d-b279-380d187f5c47,B5ryGf_w!l,1,Productor de Multimedia Educativa,Innovate Ltd,andersonkelly@example.com,001-735-500-9135,España,"[""Tecnologia"", ""Educacion""]","[""Nada"", ""Peanuts""]",http://linkedin.com/in/ficticio,nada,9.0,2024-07-03 10:20:20,2024-07-03 10:20:20
85,Miranda,Harris,partner,c93a42db-ff7c-4748-9375-0b525d4e30d8,erAFsKi0#7,0,Analista de Datos Educativos,Creative Inc,timothyking@example.com,271.937.4326x6564,USA,"[""Salud"", ""Educacion""]","[""Gluten"", ""Lactose""]",http://linkedin.com/in/ficticio,nada,9.0,2024-07-03 10:20:20,2024-07-03 10:20:20
86,Eric,Ingram,partner,1198dea5-7f6f-42db-9249-1beb3dcc3bc9,5Ih9MPSa$(,1,Tutor o Facilitador de e-Learning,Tech Corp,emily11@example.com,001-481-764-0715x62210,España,"[""Educacion"", ""Tecnologia""]","[""Peanuts"", ""Lactose""]",http://linkedin.com/in/ficticio,nada,9.0,2024-07-03 10:20:20,2024-07-03 10:20:20
87,Jared,Johnson,user,e0e11870-e191-4878-924d-307b55e06aff,9jkG7vJ^&J,0,Analista de Datos Educativos,Creative Inc,smoss@example.org,375-284-7242x4331,France,"[""Educacion"", ""Tecnologia""]","[""Nada"", ""Peanuts""]",http://linkedin.com/in/ficticio,nada,9.0,2024-07-03 10:20:20,2024-07-03 10:20:20
88,Justin,Jones,user,da2fb3fa-a555-4e65-933a-1805769e042e,((GhuCj4y5,1,Diseñador Gráfico para e-Learning,Creative Inc,zrodriguez@example.com,(832)940-2360,Germany,"[""Salud"", ""Tecnologia""]","[""Gluten"", ""Nada""]",http://linkedin.com/in/ficticio,nada,9.0,2024-07-03 10:20:20,2024-07-03 10:20:20
89,Matthew,Berg,user,a6cf5452-d9ee-4bb8-b885-643cd3d87330,3g9yZ7o3s^,1,Coordinador de Programas de e-Learning,Tech Corp,michael65@example.net,685.839.8124x2000,France,"[""Finanzas"", ""Educacion""]","[""Nada"", ""Peanuts""]",http://linkedin.com/in/ficticio,nada,9.0,2024-07-03 10:20:20,2024-07-03 10:20:20
90,Patrick,Nunez,partner,d819f3b2-e1ba-4355-aab4-aa6f888dd1a7,&9#GYcSj)7,0,Tutor o Facilitador de e-Learning,Creative Inc,millsjulie@example.com,+1-404-879-4782,France,"[""Tecnologia"", ""Finanzas""]","[""Nada"", ""Peanuts""]",http://linkedin.com/in/ficticio,nada,9.0,2024-07-03 10:20:20,2024-07-03 10:20:20
91,Michael,Lopez,partner,a3101b0b-7d40-4d3d-861f-e9b114e753ea,NW9AzqIn&K,0,Diseñador Instruccional,Dev Solutions,fowlerashley@example.com,671.813.5160x353,Canada,"[""Salud"", ""Educacion""]","[""Gluten"", ""Lactose""]",http://linkedin.com/in/ficticio,nada,9.0,2024-07-03 10:20:20,2024-07-03 10:20:20
92,Teresa,Meza,user,5a25981e-9f99-45b6-971b-52acae39f230,(^8MAX4kg_,0,Coordinador de Programas de e-Learning,Tech Corp,jensencarrie@example.org,225.633.7075x7339,USA,"[""Finanzas"", ""Tecnologia""]","[""Nada"", ""Lactose""]",http://linkedin.com/in/ficticio,nada,9.0,2024-07-03 10:20:20,2024-07-03 10:20:20
93,Shane,Sanchez,user,22f73d44-adc4-4a9c-a60c-3b2264bed202,v9If$gJa&8,0,Tutor o Facilitador de e-Learning,Dev Solutions,comptonallen@example.net,550.592.2114x71805,Germany,"[""Tecnologia"", ""Finanzas""]","[""Gluten"", ""Peanuts""]",http://linkedin.com/in/ficticio,nada,9.0,2024-07-03 10:20:20,2024-07-03 10:20:20
94,Daniel,Brown,speaker,32850d8c-1743-4d9e-97c1-0b7969df38e5,%8@iePKnuW,0,Analista de Datos Educativos,Innovate Ltd,angelajones@example.net,366.636.8652x1952,Germany,"[""Tecnologia"", ""Salud""]","[""Lactose"", ""Nada""]",http://linkedin.com/in/ficticio,nada,9.0,2024-07-03 10:20:20,2024-07-03 10:20:20
95,Tanya,Carr,speaker,ffa2c713-6e74-4749-b157-6c9f4762499c,$3T2wR@JI9,1,Productor de Multimedia Educativa,Dev Solutions,chadwalker@example.net,218.220.2775,Canada,"[""Finanzas"", ""Salud""]","[""Peanuts"", ""Nada""]",http://linkedin.com/in/ficticio,nada,9.0,2024-07-03 10:20:20,2024-07-03 10:20:20
96,Rita,Nixon,partner,f352d862-8c70-433b-bc35-8b428030541b,_3e6qMrnZy,0,Consultor de e-Learning,Tech Corp,jasmine84@example.net,660-625-7018x44814,France,"[""Tecnologia"", ""Educacion""]","[""Peanuts"", ""Nada""]",http://linkedin.com/in/ficticio,nada,9.0,2024-07-03 10:20:20,2024-07-03 10:20:20
97,Erik,Williams,partner,5f8b3791-df77-4e91-a1fb-3e15d8f8b71d,g3UPdpJ%)8,1,Consultor de e-Learning,Tech Corp,vsmith@example.org,(779)599-9683,France,"[""Salud"", ""Finanzas""]","[""Nada"", ""Peanuts""]",http://linkedin.com/in/ficticio,nada,9.0,2024-07-03 10:20:20,2024-07-03 10:20:20
98,Sabrina,Santos,partner,d3a3b826-84d3-47a5-bd3a-7d1364473037,#^67E*Zycq,1,Especialista en LMS (Learning Management Systems),Innovate Ltd,benjaminjackson@example.org,602-407-1411x7410,Germany,"[""Salud"", ""Tecnologia""]","[""Nada"", ""Lactose""]",http://linkedin.com/in/ficticio,nada,9.0,2024-07-03 10:20:20,2024-07-03 10:20:20
99,Lori,Burnett,speaker,bd4afc0f-17f8-4414-8406-c85d71f2289b,3s2id4SuS%,0,Diseñador Gráfico para e-Learning,Tech Corp,ryan75@example.com,+1-267-880-1146x937,UK,"[""Finanzas"", ""Tecnologia""]","[""Lactose"", ""Peanuts""]",http://linkedin.com/in/ficticio,nada,9.0,2024-07-03 10:20:20,2024-07-03 10:20:20
100,Kara,Cooper,user,686371c5-ede3-4a96-a36c-22a092fa9b5b,$26DVsAxV9,0,Productor de Multimedia Educativa,Dev Solutions,danieljohnson@example.com,969-379-0723,Canada,"[""Educacion"", ""Finanzas""]","[""Lactose"", ""Nada""]",http://linkedin.com/in/ficticio,nada,9.0,2024-07-03 10:20:20,2024-07-03 10:20:20
101,Heather,Mcdowell,user,74c56d67-8fbf-4fe6-bce0-bfd848dfebed,yz+v0PZId(,0,Productor de Multimedia Educativa,Tech Corp,hansonjeffrey@example.com,302.874.1252x681,UK,"[""Tecnologia"", ""Finanzas""]","[""Gluten"", ""Lactose""]",http://linkedin.com/in/ficticio,nada,9.0,2024-07-03 10:20:20,2024-07-03 10:20:20
102,Gregory,Wallace,user,932c0d6a-5890-468d-a423-962cfded71b0,tPvE3Yq4g^,0,Tutor o Facilitador de e-Learning,Dev Solutions,dixonerin@example.net,728-209-9026,Canada,"[""Tecnologia"", ""Salud""]","[""Nada"", ""Lactose""]",http://linkedin.com/in/ficticio,nada,9.0,2024-07-03 10:20:20,2024-07-03 10:20:20
103,Steven,Harper,user,12a26821-bbef-4929-8e41-cf453a0ad364,_iF@fkz@E2,0,Tutor o Facilitador de e-Learning,Dev Solutions,balldawn@example.com,001-700-999-8166x04627,UK,"[""Educacion"", ""Salud""]","[""Gluten"", ""Lactose""]",http://linkedin.com/in/ficticio,nada,9.0,2024-07-03 10:20:20,2024-07-03 10:20:20
104,Walter,Taylor,partner,335d81ae-be42-42b4-ae61-ae4bcac60d7e,k5S9gfWO#9,1,Consultor de e-Learning,Tech Corp,robert44@example.net,(310)755-5024,UK,"[""Finanzas"", ""Salud""]","[""Lactose"", ""Peanuts""]",http://linkedin.com/in/ficticio,nada,9.0,2024-07-03 10:20:20,2024-07-03 10:20:20
105,Joseph,Bell,speaker,cbad7511-0cc2-4402-9be3-db6b1856a549,qinA)c(S!8,1,Tutor o Facilitador de e-Learning,Innovate Ltd,zjohnson@example.org,984-862-3183x311,España,"[""Tecnologia"", ""Educacion""]","[""Peanuts"", ""Gluten""]",http://linkedin.com/in/ficticio,nada,9.0,2024-07-03 10:20:20,2024-07-03 10:20:20
106,Donald,Willis,speaker,a247557f-cca0-4b65-b4bf-bad1aeaf50bb,Tv^6E1Dlm#,1,Especialista en LMS (Learning Management Systems),Dev Solutions,david21@example.net,+1-810-269-9350x88324,Germany,"[""Salud"", ""Finanzas""]","[""Peanuts"", ""Gluten""]",http://linkedin.com/in/ficticio,nada,9.0,2024-07-03 10:20:20,2024-07-03 10:20:20
107,William,Lee,partner,5fe7d29a-f48e-499d-a110-1ab15782f4a1,k@5uEkoe0R,0,Especialista en LMS (Learning Management Systems),Innovate Ltd,alexanderkristy@example.org,(496)954-3760,España,"[""Tecnologia"", ""Educacion""]","[""Lactose"", ""Gluten""]",http://linkedin.com/in/ficticio,nada,9.0,2024-07-03 10:20:20,2024-07-03 10:20:20
108,Janet,Lopez,partner,05b90b24-3940-41e9-87db-680656944caa,@#71Frh@Mc,1,Consultor de e-Learning,Dev Solutions,nicholas06@example.org,(489)367-7928,España,"[""Finanzas"", ""Salud""]","[""Nada"", ""Lactose""]",http://linkedin.com/in/ficticio,nada,9.0,2024-07-03 10:20:20,2024-07-03 10:20:20
109,Bruce,Ramirez,partner,5aa7eff6-b6ad-429d-94c7-fd4d27e98033,(32aIr$*k(,0,Desarrollador de Contenidos de e-Learning,Innovate Ltd,melanie36@example.com,001-485-962-8790x3427,Canada,"[""Salud"", ""Tecnologia""]","[""Gluten"", ""Lactose""]",http://linkedin.com/in/ficticio,nada,9.0,2024-07-03 10:20:20,2024-07-03 10:20:20
110,Rachel,Bryant,speaker,bff30635-6b3c-48b1-9671-05c8b6ec7510,(#@2(VyU0T,0,Consultor de e-Learning,Creative Inc,larry10@example.org,(898)755-3355,España,"[""Salud"", ""Educacion""]","[""Nada"", ""Gluten""]",http://linkedin.com/in/ficticio,nada,9.0,2024-07-03 10:20:20,2024-07-03 10:20:20
111,Holly,Medina,speaker,cd7eef4c-41a3-47ca-9e85-372944608bb6,N2RYSZ^e%x,0,Especialista en Evaluación y Certificación en Línea,Dev Solutions,nicholsonjason@example.net,001-895-229-8502x2928,Canada,"[""Finanzas"", ""Tecnologia""]","[""Peanuts"", ""Nada""]",http://linkedin.com/in/ficticio,nada,9.0,2024-07-03 10:20:20,2024-07-03 10:20:20
112,Jason,Clark,speaker,d541fea5-4b83-4f74-a59d-b92ad91a292b,$0&l8Wrx4y,0,Analista de Datos Educativos,Creative Inc,dustin04@example.org,001-648-301-2453x884,UK,"[""Tecnologia"", ""Finanzas""]","[""Lactose"", ""Peanuts""]",http://linkedin.com/in/ficticio,nada,9.0,2024-07-03 10:20:20,2024-07-03 10:20:20
113,Jaclyn,Villegas,partner,39e8d2d4-1959-41a9-ac30-762cc7851d2b,T$3aZext6r,1,Diseñador Gráfico para e-Learning,Innovate Ltd,latashamay@example.org,(800)267-9683x194,USA,"[""Tecnologia"", ""Finanzas""]","[""Peanuts"", ""Gluten""]",http://linkedin.com/in/ficticio,nada,9.0,2024-07-03 10:20:20,2024-07-03 10:20:20
114,Ivan,Gregory,speaker,51696e05-ea55-4df4-99db-ba2b13f33e4f,z&C1OUuDyA,0,Diseñador Gráfico para e-Learning,Dev Solutions,orivera@example.com,971.267.8705x3093,Canada,"[""Salud"", ""Educacion""]","[""Nada"", ""Lactose""]",http://linkedin.com/in/ficticio,nada,9.0,2024-07-03 10:20:20,2024-07-03 10:20:20
115,Christine,Reed,partner,1844d2fb-09b0-4c70-99a1-8dfacb2d3c7b,y+3@iV%rh8,1,Coordinador de Programas de e-Learning,Dev Solutions,john97@example.net,3324204942,France,"[""Finanzas"", ""Educacion""]","[""Gluten"", ""Peanuts""]",http://linkedin.com/in/ficticio,nada,9.0,2024-07-03 10:20:20,2024-07-03 10:20:20
116,Tiffany,Salinas,speaker,088ef149-6040-4ba1-9738-aca2cc50964f,0$6P6vk#Ov,1,Diseñador Instruccional,Tech Corp,schmittbradley@example.com,311-287-1403x425,Canada,"[""Finanzas"", ""Tecnologia""]","[""Lactose"", ""Nada""]",http://linkedin.com/in/ficticio,nada,9.0,2024-07-03 10:20:20,2024-07-03 10:20:20
117,Tina,Peters,speaker,506e021e-6f1f-4795-8476-b804ca62345d,+ipJ7#Vg&#,0,Diseñador Gráfico para e-Learning,Tech Corp,sean78@example.net,(558)305-7267x2403,USA,"[""Educacion"", ""Salud""]","[""Peanuts"", ""Nada""]",http://linkedin.com/in/ficticio,nada,9.0,2024-07-03 10:20:20,2024-07-03 10:20:20
118,Patricia,Zhang,partner,919cdf21-49c6-43fe-a9af-eb9d52509080,k!0HNjMdQP,0,Diseñador Instruccional,Dev Solutions,jonesbeth@example.com,001-572-935-0593x332,España,"[""Finanzas"", ""Salud""]","[""Lactose"", ""Peanuts""]",http://linkedin.com/in/ficticio,nada,9.0,2024-07-03 10:20:20,2024-07-03 10:20:20
119,Troy,Patterson,speaker,c0fc14e3-2392-4475-b864-e3957195bb86,Z7Hfvs@4%a,1,Productor de Multimedia Educativa,Dev Solutions,lorrainewright@example.com,761-224-5617x5126,Germany,"[""Tecnologia"", ""Salud""]","[""Peanuts"", ""Lactose""]",http://linkedin.com/in/ficticio,nada,9.0,2024-07-03 10:20:20,2024-07-03 10:20:20
120,Christopher,Davis,partner,b98cb2b5-aece-4192-94a0-00778e92fee2,C$1&GrDqd1,0,Especialista en LMS (Learning Management Systems),Creative Inc,dawn72@example.net,+1-539-249-6214,España,"[""Finanzas"", ""Educacion""]","[""Gluten"", ""Lactose""]",http://linkedin.com/in/ficticio,nada,9.0,2024-07-03 10:20:20,2024-07-03 10:20:20
121,Paula,Gibson,user,e53d5fe0-a821-401b-81fe-12161360297d,!&EYbaLg8%,0,Diseñador Instruccional,Innovate Ltd,hicksrussell@example.com,001-494-987-1262x8956,USA,"[""Finanzas"", ""Educacion""]","[""Gluten"", ""Peanuts""]",http://linkedin.com/in/ficticio,nada,9.0,2024-07-03 10:20:20,2024-07-03 10:20:20
122,Erin,Bowen,speaker,d526186b-393a-42a5-8103-76c8e9cd572c,Wd$b7E7e@*,1,Productor de Multimedia Educativa,Innovate Ltd,edwardatkinson@example.org,296.745.7134,España,"[""Salud"", ""Educacion""]","[""Lactose"", ""Gluten""]",http://linkedin.com/in/ficticio,nada,9.0,2024-07-03 10:20:20,2024-07-03 10:20:20
123,Larry,Yates,user,e6d0dc44-bb47-402f-bf53-b3c050138ee8,o+b7rNuv)0,1,Analista de Datos Educativos,Dev Solutions,yvonnerowe@example.org,001-357-780-9253x455,UK,"[""Educacion"", ""Salud""]","[""Lactose"", ""Gluten""]",http://linkedin.com/in/ficticio,nada,9.0,2024-07-03 10:20:20,2024-07-03 10:20:20
124,Justin,Drake,partner,745c9484-4f4b-4a77-8446-8cf2093e9614,K+)3B40o0s,1,Productor de Multimedia Educativa,Dev Solutions,margaretjones@example.net,264-658-1981x198,Germany,"[""Finanzas"", ""Salud""]","[""Nada"", ""Peanuts""]",http://linkedin.com/in/ficticio,nada,9.0,2024-07-03 10:20:20,2024-07-03 10:20:20
125,Shelly,Cuevas,partner,43e59516-f3e3-4b2c-823d-056e8424078c,%5VXzTA0yU,0,Diseñador Gráfico para e-Learning,Creative Inc,valeriedavis@example.net,674-586-4295,Canada,"[""Finanzas"", ""Educacion""]","[""Gluten"", ""Nada""]",http://linkedin.com/in/ficticio,nada,9.0,2024-07-03 10:20:20,2024-07-03 10:20:20
126,Dorothy,Manning,user,fd34851d-ae72-4c14-84d1-2d4b4e9fe217,_xjmFOHRN4,1,Diseñador Gráfico para e-Learning,Innovate Ltd,jacobvance@example.org,(245)877-2948x535,UK,"[""Finanzas"", ""Salud""]","[""Peanuts"", ""Gluten""]",http://linkedin.com/in/ficticio,nada,9.0,2024-07-03 10:20:20,2024-07-03 10:20:20
127,Mary,Keller,user,669e9050-da10-46f3-a3d3-771603b6f30f,cjSXXb7N_8,0,Tutor o Facilitador de e-Learning,Creative Inc,brenda65@example.net,(384)494-6442,UK,"[""Salud"", ""Educacion""]","[""Peanuts"", ""Lactose""]",http://linkedin.com/in/ficticio,nada,9.0,2024-07-03 10:20:20,2024-07-03 10:20:20
128,Brenda,Newman,user,ec2b3a10-1b52-4282-83ec-c3f986a42604,%i#IBLHoC8,0,Diseñador Instruccional,Creative Inc,kenneth57@example.net,(244)854-6361,USA,"[""Finanzas"", ""Educacion""]","[""Gluten"", ""Peanuts""]",http://linkedin.com/in/ficticio,nada,9.0,2024-07-03 10:20:20,2024-07-03 10:20:20
129,Timothy,Wilkinson,speaker,ae344300-e451-45a4-8822-0e798ed1f1d2,6tqUkSE9!b,1,Analista de Datos Educativos,Innovate Ltd,daniel25@example.org,001-662-298-4219,España,"[""Educacion"", ""Finanzas""]","[""Peanuts"", ""Nada""]",http://linkedin.com/in/ficticio,nada,9.0,2024-07-03 10:20:20,2024-07-03 10:20:20
130,Matthew,Wong,speaker,916cc3f2-4bc8-4be7-864c-ff29b94af04f,*M6JfgbX9k,1,Analista de Datos Educativos,Tech Corp,chad72@example.com,+1-884-959-2015,France,"[""Educacion"", ""Tecnologia""]","[""Lactose"", ""Peanuts""]",http://linkedin.com/in/ficticio,nada,9.0,2024-07-03 10:20:20,2024-07-03 10:20:20
131,Jessica,Larsen,speaker,6804e589-69bd-4479-b681-19cd27227099,)CuNy0cyx7,0,Analista de Datos Educativos,Creative Inc,travis90@example.com,6612070829,Canada,"[""Tecnologia"", ""Finanzas""]","[""Gluten"", ""Nada""]",http://linkedin.com/in/ficticio,nada,9.0,2024-07-03 10:20:20,2024-07-03 10:20:20
132,Sharon,Duncan,speaker,162b26da-17bf-4665-b65a-3cba9fe1fcbc,*fImQ1@Xe8,0,Desarrollador de Contenidos de e-Learning,Dev Solutions,campbelljames@example.com,(311)260-6794,Canada,"[""Tecnologia"", ""Educacion""]","[""Peanuts"", ""Nada""]",http://linkedin.com/in/ficticio,nada,9.0,2024-07-03 10:20:20,2024-07-03 10:20:20
133,William,Wilson,user,3919f6a6-cc9e-4698-ad96-32bcf6c9b929,^7@QOpqiSa,1,Desarrollador de Contenidos de e-Learning,Dev Solutions,jose89@example.com,+1-697-998-2114x73928,España,"[""Finanzas"", ""Educacion""]","[""Lactose"", ""Gluten""]",http://linkedin.com/in/ficticio,nada,9.0,2024-07-03 10:20:20,2024-07-03 10:20:20
134,Tiffany,Conley,user,c3f9f06e-1c87-4162-ad0b-7516460a28a8,i@69WyaeIh,0,Especialista en LMS (Learning Management Systems),Dev Solutions,millerdavid@example.net,001-643-967-5262x43356,USA,"[""Finanzas"", ""Educacion""]","[""Gluten"", ""Lactose""]",http://linkedin.com/in/ficticio,nada,9.0,2024-07-03 10:20:20,2024-07-03 10:20:20
135,Leslie,Quinn,user,a860990d-144b-41df-b2ed-ede343c22b8e,FI7zDPyO)a,0,Productor de Multimedia Educativa,Tech Corp,acevedobrittney@example.org,+1-666-905-3761,Germany,"[""Educacion"", ""Tecnologia""]","[""Gluten"", ""Nada""]",http://linkedin.com/in/ficticio,nada,9.0,2024-07-03 10:20:20,2024-07-03 10:20:20
136,Christopher,Ramos,speaker,1a081b47-bbd9-4ec5-a824-23cb9550148f,N4Q6X##d2_,0,Especialista en LMS (Learning Management Systems),Dev Solutions,erinreeves@example.org,001-685-475-8281x5588,France,"[""Educacion"", ""Finanzas""]","[""Gluten"", ""Nada""]",http://linkedin.com/in/ficticio,nada,9.0,2024-07-03 10:20:20,2024-07-03 10:20:20
137,Ashley,Woodard,partner,874a7aff-4fcd-489d-95ea-a8caecc514ee,l%9XQ@nHeJ,1,Productor de Multimedia Educativa,Creative Inc,jesse87@example.net,9674956282,France,"[""Educacion"", ""Finanzas""]","[""Nada"", ""Lactose""]",http://linkedin.com/in/ficticio,nada,9.0,2024-07-03 10:20:20,2024-07-03 10:20:20
138,Steven,Carpenter,user,8fb96629-fdc4-4fdd-bc4b-328e5c3acdd0,fNIdNT6R(7,1,Especialista en LMS (Learning Management Systems),Dev Solutions,camposgary@example.org,(988)837-4633x26346,France,"[""Tecnologia"", ""Finanzas""]","[""Lactose"", ""Nada""]",http://linkedin.com/in/ficticio,nada,9.0,2024-07-03 10:20:20,2024-07-03 10:20:20
139,Kathy,Blair,speaker,956ad55c-0078-4487-9e43-cc88e6bb21d6,jdE3wY_re_,1,Coordinador de Programas de e-Learning,Innovate Ltd,russellcampos@example.com,511-744-1246,Germany,"[""Educacion"", ""Finanzas""]","[""Nada"", ""Peanuts""]",http://linkedin.com/in/ficticio,nada,9.0,2024-07-03 10:20:20,2024-07-03 10:20:20
140,Nicholas,Blake,partner,77af4018-4273-452e-8275-37957c025a4f,_u+q6WPcy3,0,Coordinador de Programas de e-Learning,Tech Corp,marshallshelley@example.com,469.845.2231x7348,Canada,"[""Finanzas"", ""Tecnologia""]","[""Gluten"", ""Peanuts""]",http://linkedin.com/in/ficticio,nada,9.0,2024-07-03 10:20:20,2024-07-03 10:20:20
141,Sabrina,Robinson,user,9026fd9c-b56e-47dd-8f01-493d8aac5f9c,&OW@3gZuEW,1,Diseñador Instruccional,Innovate Ltd,pblanchard@example.com,477-425-2578,España,"[""Salud"", ""Tecnologia""]","[""Gluten"", ""Peanuts""]",http://linkedin.com/in/ficticio,nada,9.0,2024-07-03 10:20:20,2024-07-03 10:20:20
142,Amber,Murphy,speaker,f9c11a12-c280-4d46-958d-5fccd577cef5,(*K4Hmwba1,0,Tutor o Facilitador de e-Learning,Dev Solutions,christopheringram@example.com,(503)895-8056x7222,UK,"[""Tecnologia"", ""Salud""]","[""Gluten"", ""Peanuts""]",http://linkedin.com/in/ficticio,nada,9.0,2024-07-03 10:20:20,2024-07-03 10:20:20
143,Douglas,Marshall,speaker,a61ba894-2eb0-46a9-87f0-0dd8b827bff6,+7+5UXnzTd,1,Tutor o Facilitador de e-Learning,Dev Solutions,aaron67@example.net,467.596.1477,UK,"[""Finanzas"", ""Educacion""]","[""Lactose"", ""Gluten""]",http://linkedin.com/in/ficticio,nada,9.0,2024-07-03 10:20:20,2024-07-03 10:20:20
144,Jeffrey,Smith,user,23eaae41-f81e-49ac-b370-0e24ffc49af4,*2gS+x+f8S,0,Tutor o Facilitador de e-Learning,Innovate Ltd,rosselizabeth@example.com,+1-314-444-6017x2164,UK,"[""Salud"", ""Educacion""]","[""Peanuts"", ""Lactose""]",http://linkedin.com/in/ficticio,nada,9.0,2024-07-03 10:20:20,2024-07-03 10:20:20
145,Drew,May,partner,022356e2-9319-4825-bb07-2c7c98e501ed,chq_Yd#j)1,0,Tutor o Facilitador de e-Learning,Tech Corp,tmurray@example.net,260.813.0081x62630,France,"[""Salud"", ""Educacion""]","[""Nada"", ""Gluten""]",http://linkedin.com/in/ficticio,nada,9.0,2024-07-03 10:20:20,2024-07-03 10:20:20
146,Nicole,Martin,user,6c69e63b-f532-4095-8116-226c2ffc9a39,I(K3VAOgbJ,1,Desarrollador de Contenidos de e-Learning,Tech Corp,scott95@example.com,636.573.8744x050,UK,"[""Tecnologia"", ""Finanzas""]","[""Peanuts"", ""Lactose""]",http://linkedin.com/in/ficticio,nada,9.0,2024-07-03 10:20:20,2024-07-03 10:20:20
147,Deborah,Richmond,user,f2008a10-81e5-47f9-827a-6456ee317003,(l3tLf@8C5,0,Desarrollador de Contenidos de e-Learning,Innovate Ltd,runderwood@example.net,(965)404-7409x302,Canada,"[""Finanzas"", ""Salud""]","[""Nada"", ""Peanuts""]",http://linkedin.com/in/ficticio,nada,9.0,2024-07-03 10:20:20,2024-07-03 10:20:20
148,James,Brown,speaker,bbc0b9b4-3e12-4f8b-bc09-2c6496e7bd70,SK4Nsxsk)K,0,Consultor de e-Learning,Innovate Ltd,walshdouglas@example.org,435-440-8464,España,"[""Salud"", ""Tecnologia""]","[""Gluten"", ""Lactose""]",http://linkedin.com/in/ficticio,nada,9.0,2024-07-03 10:20:20,2024-07-03 10:20:20
149,Amber,Lewis,user,b7c4a7f4-e65b-48cb-abcc-7b50ab76549b,THQqiykG*3,1,Diseñador Instruccional,Innovate Ltd,deborah09@example.org,807.234.9096x2477,Canada,"[""Tecnologia"", ""Salud""]","[""Peanuts"", ""Lactose""]",http://linkedin.com/in/ficticio,nada,9.0,2024-07-03 10:20:20,2024-07-03 10:20:20
150,Richard,Harmon,speaker,ff81489e-2039-42d6-91f9-0aa48589410e,+9JEJa_lJw,1,Consultor de e-Learning,Tech Corp,andrewwilliamson@example.com,(544)833-4243,Germany,"[""Tecnologia"", ""Finanzas""]","[""Gluten"", ""Peanuts""]",http://linkedin.com/in/ficticio,nada,9.0,2024-07-03 10:20:20,2024-07-03 10:20:20
151,Jennifer,Green,speaker,21cb4041-8ba9-4ec5-ba31-4081c07b3965,EDI4c9ZuF$,0,Desarrollador de Contenidos de e-Learning,Creative Inc,scrawford@example.org,350-998-9720x14380,France,"[""Salud"", ""Educacion""]","[""Peanuts"", ""Lactose""]",http://linkedin.com/in/ficticio,nada,9.0,2024-07-03 10:20:20,2024-07-03 10:20:20
152,Amber,Swanson,user,0d4ef1bb-d66e-4a2d-b0ab-70f295f4316c,bP7$l%Du(@,0,Consultor de e-Learning,Dev Solutions,thomascollins@example.net,616.615.9974x51806,UK,"[""Tecnologia"", ""Educacion""]","[""Gluten"", ""Nada""]",http://linkedin.com/in/ficticio,nada,9.0,2024-07-03 10:20:20,2024-07-03 10:20:20
153,Mary,Chavez,user,6a952c9e-6cb1-44c6-bd19-d93181aca8e8,!3LMpnqPft,1,Diseñador Instruccional,Tech Corp,brookeobrien@example.com,290.892.2497,France,"[""Tecnologia"", ""Finanzas""]","[""Peanuts"", ""Lactose""]",http://linkedin.com/in/ficticio,nada,9.0,2024-07-03 10:20:20,2024-07-03 10:20:20
154,Heather,Sanchez,user,5e889829-e54d-40bf-80d2-d01b93b2d5c6,*6IwLzMEy7,1,Especialista en Evaluación y Certificación en Línea,Innovate Ltd,perrychelsey@example.org,492-323-2726,Germany,"[""Educacion"", ""Tecnologia""]","[""Peanuts"", ""Lactose""]",http://linkedin.com/in/ficticio,nada,9.0,2024-07-03 10:20:20,2024-07-03 10:20:20
155,Chase,Davis,user,34a21121-bfd1-4f67-b25b-c4bd91de391b,%IIpM%$^6n,1,Coordinador de Programas de e-Learning,Tech Corp,grahambrittany@example.com,879-406-9115,Canada,"[""Tecnologia"", ""Educacion""]","[""Peanuts"", ""Nada""]",http://linkedin.com/in/ficticio,nada,9.0,2024-07-03 10:20:20,2024-07-03 10:20:20
156,Mary,Levy,user,f913c040-4c63-4f7b-ae1f-bbe34f1f4a59,hg6G*1gw($,1,Diseñador Gráfico para e-Learning,Tech Corp,michael81@example.com,(761)849-1816x739,Germany,"[""Tecnologia"", ""Salud""]","[""Peanuts"", ""Gluten""]",http://linkedin.com/in/ficticio,nada,9.0,2024-07-03 10:20:20,2024-07-03 10:20:20
157,Christine,Lloyd,partner,eca8de31-1137-4305-99d0-06ad0735d561,XT5hGXEfA@,0,Analista de Datos Educativos,Dev Solutions,mmeyers@example.com,+1-973-290-9031x8118,UK,"[""Salud"", ""Finanzas""]","[""Lactose"", ""Gluten""]",http://linkedin.com/in/ficticio,nada,9.0,2024-07-03 10:20:20,2024-07-03 10:20:20
158,Justin,Madden,partner,553d735d-4af0-4e49-bc69-f70a882ef157,u4AwZzlW*(,0,Consultor de e-Learning,Dev Solutions,lpowell@example.org,739-706-8895,France,"[""Tecnologia"", ""Finanzas""]","[""Lactose"", ""Peanuts""]",http://linkedin.com/in/ficticio,nada,9.0,2024-07-03 10:20:20,2024-07-03 10:20:20
159,Amanda,Martinez,user,556dc26d-b6ce-4c2b-be2f-7cd19a986758,@5M6zQB$cn,1,Desarrollador de Contenidos de e-Learning,Creative Inc,kimberlycochran@example.net,+1-499-491-5984x68076,France,"[""Educacion"", ""Finanzas""]","[""Gluten"", ""Lactose""]",http://linkedin.com/in/ficticio,nada,9.0,2024-07-03 10:20:20,2024-07-03 10:20:20
160,Jeremy,Hanson,user,1b7c4969-a1e3-4f92-885b-562eac77ccdc,&6U0Lh_bm+,1,Coordinador de Programas de e-Learning,Tech Corp,xholmes@example.com,+1-751-423-8806x6696,USA,"[""Finanzas"", ""Salud""]","[""Peanuts"", ""Gluten""]",http://linkedin.com/in/ficticio,nada,9.0,2024-07-03 10:20:20,2024-07-03 10:20:20
161,Jay,Marsh,partner,d0752a7f-3cb0-4912-91fd-ec3bb3ffecb8,0Z*G6UGq$_,0,Consultor de e-Learning,Innovate Ltd,anthony40@example.net,276.462.1938,France,"[""Educacion"", ""Tecnologia""]","[""Lactose"", ""Gluten""]",http://linkedin.com/in/ficticio,nada,9.0,2024-07-03 10:20:20,2024-07-03 10:20:20
162,Devin,Schroeder,user,d080313d-f9fe-4873-b146-5defdfde9c4b,lz&8xSi6VR,1,Diseñador Gráfico para e-Learning,Innovate Ltd,vazqueztimothy@example.com,+1-424-969-4146,España,"[""Educacion"", ""Salud""]","[""Nada"", ""Peanuts""]",http://linkedin.com/in/ficticio,nada,9.0,2024-07-03 10:20:20,2024-07-03 10:20:20
163,Amy,Burton,speaker,872b3c40-ac6c-4da8-acfc-8fd687af67f9,+8Ul2D5vK1,0,Coordinador de Programas de e-Learning,Tech Corp,merrittlori@example.net,001-502-262-3400x822,Canada,"[""Tecnologia"", ""Finanzas""]","[""Gluten"", ""Peanuts""]",http://linkedin.com/in/ficticio,nada,9.0,2024-07-03 10:20:20,2024-07-03 10:20:20
164,Valerie,Castro,speaker,50148b18-a543-4583-ba56-ea15fde4c81a,M&1NFk!hr@,1,Consultor de e-Learning,Innovate Ltd,angela33@example.net,(679)582-5501,Canada,"[""Salud"", ""Finanzas""]","[""Lactose"", ""Peanuts""]",http://linkedin.com/in/ficticio,nada,9.0,2024-07-03 10:20:20,2024-07-03 10:20:20
165,Jason,Sawyer,user,1085324f-98fe-47bb-ab88-7b148693ae69,!^1XN%z5PG,0,Consultor de e-Learning,Creative Inc,pcrosby@example.com,989.456.1358x80707,España,"[""Finanzas"", ""Educacion""]","[""Lactose"", ""Gluten""]",http://linkedin.com/in/ficticio,nada,9.0,2024-07-03 10:20:20,2024-07-03 10:20:20
166,Andrea,Bailey,user,2d558b5f-87aa-4142-9d1d-58cb3b364860,gq7BkTzh$v,0,Desarrollador de Contenidos de e-Learning,Tech Corp,anna31@example.com,573.552.3763,Canada,"[""Tecnologia"", ""Educacion""]","[""Nada"", ""Lactose""]",http://linkedin.com/in/ficticio,nada,9.0,2024-07-03 10:20:20,2024-07-03 10:20:20
167,Cynthia,Horton,user,e4cfcfef-af40-47ad-8301-25f062dc957a,$8&1vO5sIA,1,Productor de Multimedia Educativa,Creative Inc,christianlyons@example.com,2565862189,UK,"[""Salud"", ""Finanzas""]","[""Lactose"", ""Peanuts""]",http://linkedin.com/in/ficticio,nada,9.0,2024-07-03 10:20:20,2024-07-03 10:20:20
168,Michael,Schwartz,partner,34c70ebc-6f62-47a0-9498-438d4009bf8c,37+CBsbs#Z,0,Productor de Multimedia Educativa,Tech Corp,oortiz@example.org,4806782414,Canada,"[""Tecnologia"", ""Educacion""]","[""Nada"", ""Gluten""]",http://linkedin.com/in/ficticio,nada,9.0,2024-07-03 10:20:20,2024-07-03 10:20:20
169,Todd,Jensen,speaker,b0ee2884-4f48-4df8-a976-6db208b05514,1y5rgMOG7+,1,Especialista en LMS (Learning Management Systems),Innovate Ltd,rogerssean@example.net,803-944-6882,España,"[""Tecnologia"", ""Educacion""]","[""Nada"", ""Peanuts""]",http://linkedin.com/in/ficticio,nada,9.0,2024-07-03 10:20:20,2024-07-03 10:20:20
170,William,Butler,speaker,2f80eba8-a5fd-4144-b1d0-93b70e1cbac2,9xGeZq9o!J,1,Consultor de e-Learning,Tech Corp,colethomas@example.net,717-596-5916x0368,Canada,"[""Tecnologia"", ""Salud""]","[""Lactose"", ""Gluten""]",http://linkedin.com/in/ficticio,nada,9.0,2024-07-03 10:20:20,2024-07-03 10:20:20
171,Margaret,Livingston,partner,1f2578fd-fc00-45a1-ac41-5533c372e10f,)3Y96xRa87,0,Desarrollador de Contenidos de e-Learning,Creative Inc,cindymitchell@example.org,001-269-949-9777x8951,France,"[""Finanzas"", ""Tecnologia""]","[""Lactose"", ""Peanuts""]",http://linkedin.com/in/ficticio,nada,9.0,2024-07-03 10:20:20,2024-07-03 10:20:20
172,Michael,Galvan,partner,209b21d1-23cb-4ee6-9b97-0631ecc7f5ed,@i8TYfFE2O,1,Desarrollador de Contenidos de e-Learning,Dev Solutions,achavez@example.net,001-954-216-4495x940,USA,"[""Finanzas"", ""Educacion""]","[""Nada"", ""Peanuts""]",http://linkedin.com/in/ficticio,nada,9.0,2024-07-03 10:20:20,2024-07-03 10:20:20
173,Linda,Harris,user,6e6210c7-43ea-4b67-9d68-9668f0347fb4,_a6DKS0g32,1,Diseñador Gráfico para e-Learning,Creative Inc,laurajacobson@example.net,(953)639-4367x6867,Canada,"[""Finanzas"", ""Tecnologia""]","[""Nada"", ""Peanuts""]",http://linkedin.com/in/ficticio,nada,9.0,2024-07-03 10:20:20,2024-07-03 10:20:20
174,Charles,Wilkins,user,b33265f0-85b5-448f-ac78-fa1634a20677,$0Gd8&Ul^I,0,Especialista en Evaluación y Certificación en Línea,Tech Corp,angela84@example.org,943.527.1890x07702,Germany,"[""Educacion"", ""Finanzas""]","[""Lactose"", ""Peanuts""]",http://linkedin.com/in/ficticio,nada,9.0,2024-07-03 10:20:20,2024-07-03 10:20:20
175,Janice,Combs,user,a3815e47-755d-47af-9cc6-178bc95d3bba,6aIOSVao_5,1,Productor de Multimedia Educativa,Tech Corp,ryancook@example.org,001-396-334-4316,UK,"[""Educacion"", ""Finanzas""]","[""Lactose"", ""Gluten""]",http://linkedin.com/in/ficticio,nada,9.0,2024-07-03 10:20:20,2024-07-03 10:20:20
176,Mark,Gilmore,partner,6e7d3f4a-824a-4651-a187-1f3f0f8ef5a1,_6scJhu_Nk,1,Analista de Datos Educativos,Creative Inc,davisbenjamin@example.org,770.869.0335,España,"[""Salud"", ""Educacion""]","[""Gluten"", ""Lactose""]",http://linkedin.com/in/ficticio,nada,9.0,2024-07-03 10:20:20,2024-07-03 10:20:20
177,Robert,Smith,partner,9d4a1370-3509-42db-afc4-5acf40af532e,!2FuT!#Q+T,1,Especialista en Evaluación y Certificación en Línea,Innovate Ltd,dawnjones@example.net,001-924-374-1437x6538,UK,"[""Educacion"", ""Tecnologia""]","[""Nada"", ""Lactose""]",http://linkedin.com/in/ficticio,nada,9.0,2024-07-03 10:20:20,2024-07-03 10:20:20
178,Breanna,Hunter,user,f6cbb24a-ee07-4243-ba38-90754a2abcc8,uc1UFjhtG!,0,Especialista en Evaluación y Certificación en Línea,Tech Corp,mendozaallison@example.org,+1-374-487-3052x7500,España,"[""Salud"", ""Finanzas""]","[""Gluten"", ""Nada""]",http://linkedin.com/in/ficticio,nada,9.0,2024-07-03 10:20:20,2024-07-03 10:20:20
179,Julia,King,partner,c4efb61f-5c9b-40f3-a6db-915ad1454cea,_s9mGjhjjb,0,Consultor de e-Learning,Creative Inc,jeremy17@example.org,+1-897-489-2366x9547,España,"[""Salud"", ""Tecnologia""]","[""Peanuts"", ""Gluten""]",http://linkedin.com/in/ficticio,nada,9.0,2024-07-03 10:20:20,2024-07-03 10:20:20
180,Nicholas,Mckay,speaker,d3860196-e83a-47b8-a47d-e17f457a0a56,kDmUu(Uw&3,0,Diseñador Gráfico para e-Learning,Tech Corp,kristy70@example.org,(710)982-1977x2769,UK,"[""Finanzas"", ""Salud""]","[""Lactose"", ""Nada""]",http://linkedin.com/in/ficticio,nada,9.0,2024-07-03 10:20:20,2024-07-03 10:20:20
181,Tyler,Edwards,user,e7b49eef-43e5-4f5b-8d5c-fb6a10ab7c83,*V3tQ5rHY@,1,Diseñador Instruccional,Dev Solutions,ivaughan@example.net,575-738-2340x499,Canada,"[""Educacion"", ""Tecnologia""]","[""Nada"", ""Gluten""]",http://linkedin.com/in/ficticio,nada,9.0,2024-07-03 10:20:20,2024-07-03 10:20:20
182,Jacqueline,Cox,speaker,7bfff586-7431-4435-8e1c-30b0e913a256,OW9raTiaG),0,Desarrollador de Contenidos de e-Learning,Innovate Ltd,jesse43@example.org,685-970-0628,España,"[""Educacion"", ""Tecnologia""]","[""Peanuts"", ""Nada""]",http://linkedin.com/in/ficticio,nada,9.0,2024-07-03 10:20:20,2024-07-03 10:20:20
183,Kyle,Stanley,partner,3958ccc2-8f10-4fd1-9521-3b31f901cba9,bUmp98EtU^,1,Especialista en Evaluación y Certificación en Línea,Tech Corp,victoriaallen@example.com,970-306-4284,España,"[""Salud"", ""Finanzas""]","[""Gluten"", ""Lactose""]",http://linkedin.com/in/ficticio,nada,9.0,2024-07-03 10:20:20,2024-07-03 10:20:20
184,Kevin,Brown,user,0ab8791d-0c62-4e28-b1eb-14c0c6798361,%eIMj0aOe6,0,Analista de Datos Educativos,Innovate Ltd,kevinmorrow@example.net,001-880-802-7115x751,Canada,"[""Finanzas"", ""Tecnologia""]","[""Peanuts"", ""Lactose""]",http://linkedin.com/in/ficticio,nada,9.0,2024-07-03 10:20:20,2024-07-03 10:20:20
185,Jacqueline,Long,user,aad9331a-b3cc-4a98-aa5b-932ac4cbeb08,Hc!)n0Xj$J,1,Consultor de e-Learning,Tech Corp,david22@example.org,001-881-568-3057x52556,France,"[""Salud"", ""Educacion""]","[""Gluten"", ""Lactose""]",http://linkedin.com/in/ficticio,nada,9.0,2024-07-03 10:20:20,2024-07-03 10:20:20
186,Crystal,Bryant,user,a8ec0e47-4a06-4781-b89b-ede963bea0a4,c!1+KI8Bzi,1,Desarrollador de Contenidos de e-Learning,Tech Corp,hgray@example.com,+1-965-589-7416x685,France,"[""Finanzas"", ""Educacion""]","[""Peanuts"", ""Nada""]",http://linkedin.com/in/ficticio,nada,9.0,2024-07-03 10:20:20,2024-07-03 10:20:20
187,Molly,Sanchez,user,b6342e22-86fd-4c15-9d1c-55e91a52896f,a@E4Tefwb2,1,Analista de Datos Educativos,Innovate Ltd,sabrina32@example.org,241.488.6920x16266,France,"[""Tecnologia"", ""Salud""]","[""Nada"", ""Peanuts""]",http://linkedin.com/in/ficticio,nada,9.0,2024-07-03 10:20:20,2024-07-03 10:20:20
188,Veronica,Oconnor,speaker,5279f75e-5429-4ca9-9af6-a8e61afd9ed0,6LEh0Htm(2,1,Diseñador Gráfico para e-Learning,Tech Corp,mccarthytina@example.com,001-862-886-7923x268,España,"[""Salud"", ""Finanzas""]","[""Lactose"", ""Peanuts""]",http://linkedin.com/in/ficticio,nada,9.0,2024-07-03 10:20:20,2024-07-03 10:20:20
189,Kimberly,Gutierrez,speaker,a6957474-8ecc-4ce5-a046-ebf61ada9ac9,3CXgBdf8*7,0,Diseñador Instruccional,Creative Inc,mkirk@example.com,(525)624-7694,Germany,"[""Tecnologia"", ""Educacion""]","[""Peanuts"", ""Lactose""]",http://linkedin.com/in/ficticio,nada,9.0,2024-07-03 10:20:20,2024-07-03 10:20:20
190,Alexis,Lee,user,4b269d0b-95ff-4e13-a296-f2f4f9a432aa,(oHCPwnxj8,1,Coordinador de Programas de e-Learning,Innovate Ltd,georgewebb@example.org,(309)314-8788,France,"[""Salud"", ""Tecnologia""]","[""Peanuts"", ""Nada""]",http://linkedin.com/in/ficticio,nada,9.0,2024-07-03 10:20:20,2024-07-03 10:20:20
191,Mary,Carter,partner,db5fa78b-739d-4077-a3d5-16c6fb359784,+9CkfHYwnO,0,Consultor de e-Learning,Creative Inc,johnsonkathryn@example.com,849-235-8386,Canada,"[""Salud"", ""Educacion""]","[""Gluten"", ""Lactose""]",http://linkedin.com/in/ficticio,nada,9.0,2024-07-03 10:20:20,2024-07-03 10:20:20
192,Tina,Carter,partner,27ab03e5-5de8-4fa3-b9e0-0d687273e1dc,wiWt4&N_&7,0,Productor de Multimedia Educativa,Innovate Ltd,lorijohnson@example.com,(814)583-3442x39407,France,"[""Salud"", ""Finanzas""]","[""Gluten"", ""Nada""]",http://linkedin.com/in/ficticio,nada,9.0,2024-07-03 10:20:20,2024-07-03 10:20:20
193,Nathaniel,Ramirez,partner,1689b67e-616e-4114-9fb1-250dc8ee8ef1,&@3tETjXq!,1,Desarrollador de Contenidos de e-Learning,Dev Solutions,longdonna@example.net,001-346-803-2179,Canada,"[""Tecnologia"", ""Finanzas""]","[""Nada"", ""Peanuts""]",http://linkedin.com/in/ficticio,nada,9.0,2024-07-03 10:20:20,2024-07-03 10:20:20
194,Brian,Flores,partner,dea2afd3-7a72-4adf-8018-1e5d589cd44c,)kLTA4HcBc,1,Coordinador de Programas de e-Learning,Dev Solutions,ymeadows@example.net,(341)712-7731x6372,España,"[""Salud"", ""Finanzas""]","[""Lactose"", ""Nada""]",http://linkedin.com/in/ficticio,nada,9.0,2024-07-03 10:20:20,2024-07-03 10:20:20
195,Daniel,Davila,partner,3fc4182b-5462-49fd-8764-1fb8a7eac70d,4p9Sw)p**d,1,Especialista en LMS (Learning Management Systems),Creative Inc,nicholascarter@example.net,+1-861-447-4748x295,UK,"[""Educacion"", ""Tecnologia""]","[""Lactose"", ""Gluten""]",http://linkedin.com/in/ficticio,nada,9.0,2024-07-03 10:20:20,2024-07-03 10:20:20
196,Christopher,Harris,speaker,5ad2cb07-9934-445b-a193-a3e2af3b5800,v*FM3RpDdd,1,Productor de Multimedia Educativa,Tech Corp,serranoana@example.net,242.448.9065,España,"[""Finanzas"", ""Salud""]","[""Lactose"", ""Gluten""]",http://linkedin.com/in/ficticio,nada,9.0,2024-07-03 10:20:20,2024-07-03 10:20:20
197,Shannon,Guerrero,speaker,7d3693e9-32d1-42bf-bcba-b461a17c3efa,+mJtRDaQ79,0,Especialista en Evaluación y Certificación en Línea,Tech Corp,bakermanuel@example.org,464.528.4130,USA,"[""Educacion"", ""Tecnologia""]","[""Nada"", ""Lactose""]",http://linkedin.com/in/ficticio,nada,9.0,2024-07-03 10:20:20,2024-07-03 10:20:20
198,Phillip,Huffman,speaker,d47fb91c-c794-40c7-a86b-b03e13eba202,@1T)qfmC)4,0,Desarrollador de Contenidos de e-Learning,Tech Corp,ghunt@example.com,(533)495-4786x655,España,"[""Finanzas"", ""Tecnologia""]","[""Lactose"", ""Nada""]",http://linkedin.com/in/ficticio,nada,9.0,2024-07-03 10:20:20,2024-07-03 10:20:20
199,Tara,Shea,partner,2be6d62b-4ae5-4a28-adcf-56213dbfb7b5,omp8NG6!9(,1,Coordinador de Programas de e-Learning,Dev Solutions,stephanie91@example.net,001-222-772-7418,España,"[""Tecnologia"", ""Salud""]","[""Peanuts"", ""Gluten""]",http://linkedin.com/in/ficticio,nada,9.0,2024-07-03 10:20:20,2024-07-03 10:20:20
200,Cameron,Lara,user,7d17081e-2b03-49ca-a440-d0b685061583,+%4b!LBqC7,0,Coordinador de Programas de e-Learning,Innovate Ltd,rhonda29@example.net,001-249-304-9586,España,"[""Tecnologia"", ""Salud""]","[""Peanuts"", ""Lactose""]",http://linkedin.com/in/ficticio,nada,9.0,2024-07-03 10:20:20,2024-07-03 10:20:20
201,Jennifer,Green,speaker,f646bc94-7657-4e71-ab01-9f4c9ba1e418,R8LFkrmC&C,1,Coordinador de Programas de e-Learning,Innovate Ltd,marilyn29@example.net,710.500.1169,UK,"[""Tecnologia"", ""Finanzas""]","[""Peanuts"", ""Lactose""]",http://linkedin.com/in/ficticio,nada,9.0,2024-07-03 10:20:20,2024-07-03 10:20:20
202,Rita,Duncan,speaker,21da6a18-2b44-467a-bd8c-a10419a1f85c,A%W)4aQa^l,1,Productor de Multimedia Educativa,Creative Inc,jlewis@example.org,+1-370-873-0364,UK,"[""Finanzas"", ""Salud""]","[""Peanuts"", ""Lactose""]",http://linkedin.com/in/ficticio,nada,9.0,2024-07-03 10:20:20,2024-07-03 10:20:20
203,Katherine,Robinson,partner,c16d857d-1318-4e98-9377-b3a0dfbf2bbf,e+2Q%FoD%6,0,Especialista en Evaluación y Certificación en Línea,Innovate Ltd,justin62@example.com,+1-780-896-5046x35849,France,"[""Educacion"", ""Finanzas""]","[""Peanuts"", ""Lactose""]",http://linkedin.com/in/ficticio,nada,9.0,2024-07-03 10:20:20,2024-07-03 10:20:20
204,Jennifer,Hall,user,576e6ac0-3e04-46b2-a7ba-f0c79429986c,&R*57GgfBj,1,Tutor o Facilitador de e-Learning,Creative Inc,brittney79@example.com,+1-773-871-3884x045,Germany,"[""Salud"", ""Tecnologia""]","[""Gluten"", ""Lactose""]",http://linkedin.com/in/ficticio,nada,9.0,2024-07-03 10:20:20,2024-07-03 10:20:20
205,Audrey,Roberts,user,39619205-82e2-411e-abd6-51a74f777094,#^H4RXhsdx,1,Desarrollador de Contenidos de e-Learning,Innovate Ltd,robertlewis@example.org,+1-463-694-6894x4446,Germany,"[""Finanzas"", ""Salud""]","[""Lactose"", ""Gluten""]",http://linkedin.com/in/ficticio,nada,9.0,2024-07-03 10:20:20,2024-07-03 10:20:20
206,Jeffrey,Cole,speaker,fbc6b3b0-ac3f-413a-ba22-e236bc73a8aa,#&K$y)Tx2X,0,Desarrollador de Contenidos de e-Learning,Dev Solutions,mosesjudy@example.net,+1-825-770-7010x7753,France,"[""Tecnologia"", ""Educacion""]","[""Lactose"", ""Gluten""]",http://linkedin.com/in/ficticio,nada,9.0,2024-07-03 10:20:20,2024-07-03 10:20:20
207,John,Watkins,speaker,1f8432f1-de10-43f1-94b1-a866af96d502,2^D5i1s2^G,1,Consultor de e-Learning,Dev Solutions,autumnharmon@example.org,882.652.5398,España,"[""Salud"", ""Finanzas""]","[""Gluten"", ""Peanuts""]",http://linkedin.com/in/ficticio,nada,9.0,2024-07-03 10:20:20,2024-07-03 10:20:20
208,Mary,Carlson,speaker,430d1d55-b98d-458a-b522-b5af79e448ce,y$1mkNmD8C,1,Especialista en LMS (Learning Management Systems),Dev Solutions,dawnvasquez@example.com,(600)434-5618x5117,France,"[""Finanzas"", ""Educacion""]","[""Lactose"", ""Peanuts""]",http://linkedin.com/in/ficticio,nada,9.0,2024-07-03 10:20:20,2024-07-03 10:20:20
209,Teresa,Valentine,user,17ab16c7-c529-4bce-a7a6-a88aee698c73,U88WETQe@#,0,Diseñador Gráfico para e-Learning,Dev Solutions,kingtyler@example.com,(299)567-3200x20000,France,"[""Salud"", ""Finanzas""]","[""Lactose"", ""Gluten""]",http://linkedin.com/in/ficticio,nada,9.0,2024-07-03 10:20:20,2024-07-03 10:20:20
210,Diana,Ponce,speaker,1561e5ae-29f6-4143-a5c6-223ca4494222,Um^9XOicms,1,Productor de Multimedia Educativa,Innovate Ltd,dawnshaffer@example.org,934.514.2547x294,Germany,"[""Salud"", ""Finanzas""]","[""Nada"", ""Peanuts""]",http://linkedin.com/in/ficticio,nada,9.0,2024-07-03 10:20:20,2024-07-03 10:20:20
211,Sara,Morris,user,80a2f359-c7aa-4123-b4a9-302249e7f975,(A%8tJYiu#,1,Analista de Datos Educativos,Innovate Ltd,christensendana@example.org,001-500-916-7290x1482,Germany,"[""Salud"", ""Educacion""]","[""Peanuts"", ""Gluten""]",http://linkedin.com/in/ficticio,nada,9.0,2024-07-03 10:20:20,2024-07-03 10:20:20
212,Joseph,Thompson,speaker,e41ab3c6-a01f-448e-9046-ba7f2fc081fa,$8SDpv60gU,1,Desarrollador de Contenidos de e-Learning,Tech Corp,annarichardson@example.com,(730)533-0005x3674,Canada,"[""Tecnologia"", ""Finanzas""]","[""Peanuts"", ""Lactose""]",http://linkedin.com/in/ficticio,nada,9.0,2024-07-03 10:20:20,2024-07-03 10:20:20
213,Julie,Diaz,speaker,2d022158-b36c-4a9a-a52f-bac2f54a1872,(g#eiYc&$0,1,Especialista en Evaluación y Certificación en Línea,Innovate Ltd,perryrichard@example.com,972-860-4318,France,"[""Salud"", ""Finanzas""]","[""Peanuts"", ""Nada""]",http://linkedin.com/in/ficticio,nada,9.0,2024-07-03 10:20:20,2024-07-03 10:20:20
214,Amy,Mosley,user,25f8f083-14c2-42cb-b28f-baf4000505ce,I^0kvCet((,0,Diseñador Instruccional,Innovate Ltd,cbaker@example.net,001-789-744-4250,UK,"[""Finanzas"", ""Educacion""]","[""Gluten"", ""Lactose""]",http://linkedin.com/in/ficticio,nada,9.0,2024-07-03 10:20:20,2024-07-03 10:20:20
215,James,Cordova,user,df36e4b8-731e-4d16-8feb-873d860c5e34,fh6w8Vz$%u,0,Tutor o Facilitador de e-Learning,Dev Solutions,haroldliu@example.com,001-595-934-2976x5519,Germany,"[""Salud"", ""Tecnologia""]","[""Lactose"", ""Nada""]",http://linkedin.com/in/ficticio,nada,9.0,2024-07-03 10:20:20,2024-07-03 10:20:20
216,Heather,Browning,user,174b9416-b0e8-4d20-acea-3c81b381d6f9,^ltxEu((z5,0,Especialista en Evaluación y Certificación en Línea,Creative Inc,jamesandrew@example.org,+1-659-204-9221x2715,UK,"[""Finanzas"", ""Tecnologia""]","[""Nada"", ""Lactose""]",http://linkedin.com/in/ficticio,nada,9.0,2024-07-03 10:20:20,2024-07-03 10:20:20
217,Emily,Carter,speaker,11dae5f3-e6d6-48f7-9e0d-8db3ef0e473b,x68UE%Rl+Y,0,Especialista en Evaluación y Certificación en Línea,Dev Solutions,frankstephanie@example.org,001-433-889-9071,France,"[""Finanzas"", ""Salud""]","[""Peanuts"", ""Lactose""]",http://linkedin.com/in/ficticio,nada,9.0,2024-07-03 10:20:20,2024-07-03 10:20:20
218,Robert,Smith,user,c4df1120-4169-4b36-8c2d-e339cc2652b4,XxXwtuio@8,1,Diseñador Instruccional,Creative Inc,geoffrey00@example.com,(898)956-9526x05772,France,"[""Educacion"", ""Salud""]","[""Peanuts"", ""Gluten""]",http://linkedin.com/in/ficticio,nada,9.0,2024-07-03 10:20:20,2024-07-03 10:20:20
219,Andrea,Ellis,user,166bfb61-a0ad-4aa1-8da1-a6eb355a3c64,67SQb$*G%S,1,Diseñador Instruccional,Creative Inc,jaygibson@example.org,6872475026,España,"[""Educacion"", ""Finanzas""]","[""Nada"", ""Lactose""]",http://linkedin.com/in/ficticio,nada,9.0,2024-07-03 10:20:20,2024-07-03 10:20:20
220,Lisa,Dean,partner,c4b9fc7a-6c86-4a20-81da-118ceeead589,ZxF1K7aV@^,1,Coordinador de Programas de e-Learning,Creative Inc,andrea62@example.net,+1-279-667-0431x557,Germany,"[""Educacion"", ""Tecnologia""]","[""Peanuts"", ""Lactose""]",http://linkedin.com/in/ficticio,nada,9.0,2024-07-03 10:20:20,2024-07-03 10:20:20
221,Joel,Houston,partner,c50d6e60-3690-4765-9b5d-ba3fcbcd1e38,V5LBgtr+#Q,0,Coordinador de Programas de e-Learning,Tech Corp,justingibson@example.org,001-958-916-2167x98993,UK,"[""Finanzas"", ""Educacion""]","[""Gluten"", ""Lactose""]",http://linkedin.com/in/ficticio,nada,9.0,2024-07-03 10:20:20,2024-07-03 10:20:20
222,Robin,Young,user,38a043b1-8965-48b9-a15d-2d57d042c94d,#F4ldWJkl_,1,Consultor de e-Learning,Innovate Ltd,sandraharris@example.net,+1-556-446-1111,France,"[""Finanzas"", ""Tecnologia""]","[""Peanuts"", ""Nada""]",http://linkedin.com/in/ficticio,nada,9.0,2024-07-03 10:20:20,2024-07-03 10:20:20
223,Tony,Salas,partner,c31dbdd3-4b5e-40b0-9da9-232f22efdebb,#yw4Lf1+A6,0,Productor de Multimedia Educativa,Dev Solutions,diane75@example.com,(650)542-9258x13259,España,"[""Tecnologia"", ""Salud""]","[""Nada"", ""Lactose""]",http://linkedin.com/in/ficticio,nada,9.0,2024-07-03 10:20:20,2024-07-03 10:20:20
224,Stephen,Griffin,user,e9f36b85-14ac-46d8-917c-31611417c29d,smA%r9Bk!A,1,Diseñador Gráfico para e-Learning,Creative Inc,vashley@example.com,+1-540-787-4043x17387,España,"[""Finanzas"", ""Salud""]","[""Peanuts"", ""Gluten""]",http://linkedin.com/in/ficticio,nada,9.0,2024-07-03 10:20:20,2024-07-03 10:20:20
225,Jennifer,Newman,speaker,2318dd5f-31e2-48de-8e29-1faf5199b621,5lg)L$_r*P,0,Diseñador Gráfico para e-Learning,Tech Corp,bowmanbrenda@example.net,(703)687-2384x6028,Canada,"[""Finanzas"", ""Educacion""]","[""Lactose"", ""Gluten""]",http://linkedin.com/in/ficticio,nada,9.0,2024-07-03 10:20:20,2024-07-03 10:20:20
226,Casey,Fox,partner,a259ccb7-2192-4c68-8187-228e29b0a772,Lwa&7aDyv0,1,Tutor o Facilitador de e-Learning,Creative Inc,donnaryan@example.org,(969)212-3878x512,France,"[""Finanzas"", ""Tecnologia""]","[""Nada"", ""Peanuts""]",http://linkedin.com/in/ficticio,nada,9.0,2024-07-03 10:20:20,2024-07-03 10:20:20
227,Molly,Lyons,speaker,3a8973d3-36d6-4952-91be-f8458172fe86,+4H&DUW&yc,0,Analista de Datos Educativos,Dev Solutions,johnhernandez@example.com,724.558.6647,USA,"[""Educacion"", ""Finanzas""]","[""Lactose"", ""Nada""]",http://linkedin.com/in/ficticio,nada,9.0,2024-07-03 10:20:20,2024-07-03 10:20:20
228,William,Contreras,partner,8edbb416-18d5-4dea-9f44-a874af2c2474,I0l2DyPK_5,1,Productor de Multimedia Educativa,Creative Inc,yfowler@example.net,257-647-9071x6949,España,"[""Salud"", ""Tecnologia""]","[""Peanuts"", ""Gluten""]",http://linkedin.com/in/ficticio,nada,9.0,2024-07-03 10:20:20,2024-07-03 10:20:20
229,David,Cook,partner,4b4fc4f2-96c8-4875-a867-dd3732492e29,#7zdaSUaiw,1,Especialista en Evaluación y Certificación en Línea,Innovate Ltd,brownsamantha@example.net,+1-282-618-5694x627,Canada,"[""Finanzas"", ""Educacion""]","[""Lactose"", ""Nada""]",http://linkedin.com/in/ficticio,nada,9.0,2024-07-03 10:20:20,2024-07-03 10:20:20
230,Jeffrey,Harris,partner,587d3043-6748-431d-9336-087f41d9723d,%CcBnfUAW4,1,Analista de Datos Educativos,Creative Inc,russellbarron@example.org,+1-496-941-8577x72064,Germany,"[""Salud"", ""Tecnologia""]","[""Gluten"", ""Nada""]",http://linkedin.com/in/ficticio,nada,9.0,2024-07-03 10:20:20,2024-07-03 10:20:20
231,Kenneth,Palmer,speaker,51d8783f-2c42-4732-b9ed-11d2f74cf406,4ai9UTem*5,1,Productor de Multimedia Educativa,Innovate Ltd,thomasgarcia@example.net,(531)586-5283x015,Germany,"[""Finanzas"", ""Salud""]","[""Lactose"", ""Peanuts""]",http://linkedin.com/in/ficticio,nada,9.0,2024-07-03 10:20:20,2024-07-03 10:20:20
232,James,Gray,partner,47900f2d-bfad-4760-9b84-7fbd0be2d07b,4e5X$Bva#K,0,Productor de Multimedia Educativa,Creative Inc,freemanmichael@example.org,+1-280-888-3615x808,UK,"[""Tecnologia"", ""Finanzas""]","[""Lactose"", ""Gluten""]",http://linkedin.com/in/ficticio,nada,9.0,2024-07-03 10:20:20,2024-07-03 10:20:20
233,Matthew,Howe,speaker,3a2dc980-926e-4716-8d2f-af3677017267,t3G5fGjj*7,1,Desarrollador de Contenidos de e-Learning,Dev Solutions,lisa16@example.org,361-569-0732,Germany,"[""Educacion"", ""Salud""]","[""Nada"", ""Gluten""]",http://linkedin.com/in/ficticio,nada,9.0,2024-07-03 10:20:20,2024-07-03 10:20:20
234,David,Young,partner,8cf14973-77c4-4bc5-a114-e7ecb7a8ea5e,3rr1DOpd%E,0,Coordinador de Programas de e-Learning,Creative Inc,karen04@example.org,569.594.2776x5597,France,"[""Finanzas"", ""Educacion""]","[""Nada"", ""Peanuts""]",http://linkedin.com/in/ficticio,nada,9.0,2024-07-03 10:20:20,2024-07-03 10:20:20
235,Beverly,Kim,user,a672e39a-3920-4ea8-b1be-eceb53ca1bcd,L+0WqWra&P,0,Diseñador Gráfico para e-Learning,Innovate Ltd,yolandamurphy@example.org,877.956.1794x060,France,"[""Salud"", ""Tecnologia""]","[""Lactose"", ""Nada""]",http://linkedin.com/in/ficticio,nada,9.0,2024-07-03 10:20:20,2024-07-03 10:20:20
236,Kristin,Tran,partner,f571e2ef-c6a0-40d9-9985-392d802562b9,9v2VvfPo+h,1,Especialista en Evaluación y Certificación en Línea,Creative Inc,marymitchell@example.net,001-441-769-7039x3527,Germany,"[""Salud"", ""Educacion""]","[""Gluten"", ""Nada""]",http://linkedin.com/in/ficticio,nada,9.0,2024-07-03 10:20:20,2024-07-03 10:20:20
237,Harold,Ramos,speaker,e2c266e9-a0fe-4fb6-b21c-a00e1af1eb97,&7%Aa3LkaT,0,Especialista en LMS (Learning Management Systems),Innovate Ltd,udorsey@example.com,471.277.0271,Canada,"[""Educacion"", ""Tecnologia""]","[""Lactose"", ""Gluten""]",http://linkedin.com/in/ficticio,nada,9.0,2024-07-03 10:20:20,2024-07-03 10:20:20
238,Cory,Rubio,partner,e5b29ba3-46a4-4235-8af6-0ebfd8314b6e,f3(y8cKkyf,1,Desarrollador de Contenidos de e-Learning,Creative Inc,jeffrey30@example.org,(252)562-1207x8954,USA,"[""Salud"", ""Educacion""]","[""Lactose"", ""Nada""]",http://linkedin.com/in/ficticio,nada,9.0,2024-07-03 10:20:20,2024-07-03 10:20:20
239,Elizabeth,Armstrong,partner,8acc9868-a3b1-472a-90f6-5b6083218953,$$2K(V8k_+,0,Diseñador Instruccional,Dev Solutions,rachelhayes@example.com,(230)801-1536x3238,USA,"[""Educacion"", ""Salud""]","[""Nada"", ""Peanuts""]",http://linkedin.com/in/ficticio,nada,9.0,2024-07-03 10:20:20,2024-07-03 10:20:20
240,Kim,Bond,user,6b5776a8-1856-49e9-b7aa-04367b157b3b,!YD&%NuUq1,1,Desarrollador de Contenidos de e-Learning,Creative Inc,youngheather@example.org,+1-449-971-1771x459,France,"[""Educacion"", ""Salud""]","[""Lactose"", ""Gluten""]",http://linkedin.com/in/ficticio,nada,9.0,2024-07-03 10:20:20,2024-07-03 10:20:20
241,Stephen,Hall,speaker,fbecda46-bb78-42d1-a122-518cfbb7c77a,+Y6zZoBeF#,0,Productor de Multimedia Educativa,Innovate Ltd,josephobrien@example.com,408.671.8486x2017,France,"[""Salud"", ""Tecnologia""]","[""Gluten"", ""Peanuts""]",http://linkedin.com/in/ficticio,nada,9.0,2024-07-03 10:20:20,2024-07-03 10:20:20
242,Larry,Montoya,user,12f408dc-479b-46e2-9056-36b74f98c240,ZY$6ODo5Gb,1,Productor de Multimedia Educativa,Innovate Ltd,jimenezmatthew@example.org,001-826-227-0917,Canada,"[""Educacion"", ""Salud""]","[""Peanuts"", ""Nada""]",http://linkedin.com/in/ficticio,nada,9.0,2024-07-03 10:20:20,2024-07-03 10:20:20
243,Adrian,Moore,partner,531e742a-1a0b-45ed-aab6-ef25bab8c4df,uYA4M@ne!8,0,Diseñador Instruccional,Dev Solutions,grayjoseph@example.com,634-357-5474x555,France,"[""Finanzas"", ""Salud""]","[""Nada"", ""Lactose""]",http://linkedin.com/in/ficticio,nada,9.0,2024-07-03 10:20:20,2024-07-03 10:20:20
244,Emily,Jones,speaker,aac0a165-1066-485f-b27b-a5062b2c0c17,&BrK1mCw06,1,Especialista en Evaluación y Certificación en Línea,Tech Corp,msimpson@example.org,816-285-7575x246,Germany,"[""Salud"", ""Educacion""]","[""Gluten"", ""Lactose""]",http://linkedin.com/in/ficticio,nada,9.0,2024-07-03 10:20:20,2024-07-03 10:20:20
245,Jeffrey,Hernandez,speaker,291ea7ab-97f3-433f-8f80-a9c841c35a28,9a^55Z1ch$,1,Diseñador Instruccional,Innovate Ltd,qstrong@example.net,+1-487-686-4314x29350,USA,"[""Educacion"", ""Salud""]","[""Nada"", ""Peanuts""]",http://linkedin.com/in/ficticio,nada,9.0,2024-07-03 10:20:20,2024-07-03 10:20:20
246,Michael,Smith,user,8a855ea5-9570-4e15-9345-5a7bf6b296f7,O6P6O)mi&%,0,Desarrollador de Contenidos de e-Learning,Dev Solutions,ewagner@example.net,5158280834,España,"[""Tecnologia"", ""Finanzas""]","[""Gluten"", ""Peanuts""]",http://linkedin.com/in/ficticio,nada,9.0,2024-07-03 10:20:20,2024-07-03 10:20:20
247,Darrell,Silva,speaker,eb526bee-7c9d-455f-853f-49105b482e04,l5FUV*&E+H,0,Diseñador Instruccional,Innovate Ltd,yyoung@example.com,784.662.5342x34893,Germany,"[""Salud"", ""Finanzas""]","[""Lactose"", ""Nada""]",http://linkedin.com/in/ficticio,nada,9.0,2024-07-03 10:20:20,2024-07-03 10:20:20
248,Kevin,Reid,partner,b443832b-f55a-473f-af26-3dff2d1099d7,#IV19MQtbT,0,Consultor de e-Learning,Innovate Ltd,pamela55@example.net,+1-672-810-2528x30925,France,"[""Tecnologia"", ""Educacion""]","[""Nada"", ""Lactose""]",http://linkedin.com/in/ficticio,nada,9.0,2024-07-03 10:20:20,2024-07-03 10:20:20
249,Shane,Robinson,speaker,7f0c813a-73ca-4dba-aad1-cf03d745e5d5,KzvFyEuB%7,1,Consultor de e-Learning,Dev Solutions,lopezjamie@example.org,288-473-6236,Germany,"[""Finanzas"", ""Salud""]","[""Lactose"", ""Peanuts""]",http://linkedin.com/in/ficticio,nada,9.0,2024-07-03 10:20:20,2024-07-03 10:20:20
250,Michael,Green,user,4f05b5c1-394c-45d9-8ad7-cf0c01d76de3,rsw3vTq3C*,0,Diseñador Gráfico para e-Learning,Dev Solutions,kariroberts@example.org,(331)464-8640x5707,Canada,"[""Finanzas"", ""Tecnologia""]","[""Gluten"", ""Peanuts""]",http://linkedin.com/in/ficticio,nada,9.0,2024-07-03 10:20:20,2024-07-03 10:20:20
251,Kaylee,Moore,user,02e0adfc-a720-461b-a056-867e902399bd,(9jnwM3yP8,1,Diseñador Gráfico para e-Learning,Tech Corp,lbowman@example.net,678.797.5288,UK,"[""Finanzas"", ""Salud""]","[""Peanuts"", ""Lactose""]",http://linkedin.com/in/ficticio,nada,9.0,2024-07-03 10:20:20,2024-07-03 10:20:20
252,Karen,Spencer,partner,aceda2ef-026e-4017-8bf7-391311241b2c,O8TXAx%q^j,0,Coordinador de Programas de e-Learning,Innovate Ltd,ramirezjoshua@example.com,546-781-3609,Canada,"[""Finanzas"", ""Educacion""]","[""Lactose"", ""Nada""]",http://linkedin.com/in/ficticio,nada,9.0,2024-07-03 10:20:20,2024-07-03 10:20:20
253,Mary,Nelson,partner,8d640274-15d3-4a95-b611-6ca24506c28b,lawd#TEQ(6,1,Diseñador Instruccional,Innovate Ltd,melaniemendez@example.com,523.241.9933x66195,Germany,"[""Tecnologia"", ""Educacion""]","[""Peanuts"", ""Nada""]",http://linkedin.com/in/ficticio,nada,9.0,2024-07-03 10:20:20,2024-07-03 10:20:20
254,Amanda,Terry,user,a8a8c903-c981-4b38-8590-d9a2c64d363d,#6CHPL2rp(,1,Productor de Multimedia Educativa,Innovate Ltd,brian63@example.net,+1-363-674-1992x75515,France,"[""Tecnologia"", ""Salud""]","[""Nada"", ""Peanuts""]",http://linkedin.com/in/ficticio,nada,9.0,2024-07-03 10:20:20,2024-07-03 10:20:20
255,Lauren,Lee,user,c49e687a-8542-47b0-893c-941e43cd4566,8^9ARqbq)y,0,Diseñador Instruccional,Dev Solutions,joeblack@example.org,001-256-417-0897,France,"[""Salud"", ""Tecnologia""]","[""Peanuts"", ""Lactose""]",http://linkedin.com/in/ficticio,nada,9.0,2024-07-03 10:20:20,2024-07-03 10:20:20
256,John,Collins,speaker,78154d43-b93f-4f6c-bdf4-9746276e1de1,OA1H7bi2^3,0,Consultor de e-Learning,Innovate Ltd,schwartzalicia@example.com,311.920.2107x537,Germany,"[""Finanzas"", ""Tecnologia""]","[""Gluten"", ""Peanuts""]",http://linkedin.com/in/ficticio,nada,9.0,2024-07-03 10:20:20,2024-07-03 10:20:20
257,Amanda,Norman,user,a52d8709-5d3d-43ff-a12a-97392b28f505,2LHovho_&3,0,Especialista en Evaluación y Certificación en Línea,Innovate Ltd,andrew34@example.net,486-214-4013x545,USA,"[""Finanzas"", ""Salud""]","[""Nada"", ""Gluten""]",http://linkedin.com/in/ficticio,nada,9.0,2024-07-03 10:20:20,2024-07-03 10:20:20
258,Hunter,Fox,user,4e80918a-9a51-4f80-9842-f8dbc194b1a7,@9NtZPqTSV,1,Desarrollador de Contenidos de e-Learning,Dev Solutions,craig70@example.net,001-252-394-6158x55259,España,"[""Tecnologia"", ""Salud""]","[""Peanuts"", ""Gluten""]",http://linkedin.com/in/ficticio,nada,9.0,2024-07-03 10:20:20,2024-07-03 10:20:20
259,Christopher,Stone,user,9e3654ee-c425-4536-bed9-34c6ffecef24,@WLbWoSM1a,0,Especialista en Evaluación y Certificación en Línea,Dev Solutions,poolebrittany@example.com,363-487-2085x335,UK,"[""Tecnologia"", ""Educacion""]","[""Lactose"", ""Gluten""]",http://linkedin.com/in/ficticio,nada,9.0,2024-07-03 10:20:20,2024-07-03 10:20:20
260,Steven,Howell,user,324b77cc-11b9-4ae1-995d-357f2a7719a4,0wLMknyP*@,1,Tutor o Facilitador de e-Learning,Tech Corp,schultzchristina@example.com,268.235.3786,Canada,"[""Salud"", ""Finanzas""]","[""Nada"", ""Gluten""]",http://linkedin.com/in/ficticio,nada,9.0,2024-07-03 10:20:20,2024-07-03 10:20:20
261,Linda,Hendrix,partner,5a0dac21-f2ce-4275-9e78-fe6552975bf1,!1Seaqq!m),0,Consultor de e-Learning,Dev Solutions,jennifer23@example.com,(717)420-6651x97028,Germany,"[""Salud"", ""Tecnologia""]","[""Nada"", ""Lactose""]",http://linkedin.com/in/ficticio,nada,9.0,2024-07-03 10:20:20,2024-07-03 10:20:20
262,Amanda,Small,speaker,7a5c2210-b16d-4375-84df-84b13708c986,+6DsqEvp8r,1,Analista de Datos Educativos,Dev Solutions,robertcastillo@example.com,3433976336,Canada,"[""Tecnologia"", ""Salud""]","[""Peanuts"", ""Gluten""]",http://linkedin.com/in/ficticio,nada,9.0,2024-07-03 10:20:20,2024-07-03 10:20:20
263,Dwayne,Miller,speaker,171b84d2-85b8-434f-8f26-52a0684ffcd0,e41BK8x*&j,1,Consultor de e-Learning,Innovate Ltd,phowe@example.org,+1-742-687-4926x44307,UK,"[""Salud"", ""Educacion""]","[""Nada"", ""Lactose""]",http://linkedin.com/in/ficticio,nada,9.0,2024-07-03 10:20:20,2024-07-03 10:20:20
264,David,Johnson,user,72494391-2f10-4f1b-afe5-dc37a9ef7946,lJ93J$Rn*k,0,Diseñador Instruccional,Innovate Ltd,wardashley@example.org,(473)903-6538,France,"[""Finanzas"", ""Educacion""]","[""Gluten"", ""Nada""]",http://linkedin.com/in/ficticio,nada,9.0,2024-07-03 10:20:20,2024-07-03 10:20:20
265,Carrie,Knox,partner,378dcb35-d28e-4cfc-a05b-e880e2f23d90,8(_6HXmM(h,1,Desarrollador de Contenidos de e-Learning,Creative Inc,samantha68@example.com,644-923-2566x0238,USA,"[""Salud"", ""Tecnologia""]","[""Lactose"", ""Gluten""]",http://linkedin.com/in/ficticio,nada,9.0,2024-07-03 10:20:20,2024-07-03 10:20:20
266,Michael,Mason,speaker,082cf179-1bb3-4ffa-844d-ccb4ba9b9a7d,U6)jHXR(#p,0,Diseñador Instruccional,Dev Solutions,suzanne22@example.com,+1-275-307-8528x5733,Germany,"[""Tecnologia"", ""Educacion""]","[""Gluten"", ""Nada""]",http://linkedin.com/in/ficticio,nada,9.0,2024-07-03 10:20:20,2024-07-03 10:20:20
267,Stuart,Rodriguez,partner,21cdcfe7-305b-48fe-8d6b-3a1241839577,Vb9IF%1t&c,0,Tutor o Facilitador de e-Learning,Tech Corp,hsmith@example.com,790-778-2878,UK,"[""Salud"", ""Educacion""]","[""Peanuts"", ""Lactose""]",http://linkedin.com/in/ficticio,nada,9.0,2024-07-03 10:20:20,2024-07-03 10:20:20
268,Angela,Mills,partner,fc57b8dc-d5ea-4a5e-991a-0eafb620e0f2,@Mr0_Xzy1$,1,Analista de Datos Educativos,Innovate Ltd,kristen68@example.com,999-999-6904x867,USA,"[""Finanzas"", ""Educacion""]","[""Peanuts"", ""Lactose""]",http://linkedin.com/in/ficticio,nada,9.0,2024-07-03 10:20:20,2024-07-03 10:20:20
269,Preston,Black,partner,a5ec792f-bf91-4c4d-99e5-e62f1e2f757c,y&9SLLig)7,1,Productor de Multimedia Educativa,Dev Solutions,yvonnehinton@example.net,417-952-2201,España,"[""Educacion"", ""Salud""]","[""Lactose"", ""Gluten""]",http://linkedin.com/in/ficticio,nada,9.0,2024-07-03 10:20:20,2024-07-03 10:20:20
270,Hannah,Rodriguez,user,9f87590c-09d2-45ea-a16b-365b21a0db49,!Y2MNaY4@6,0,Diseñador Gráfico para e-Learning,Tech Corp,aaronsweeney@example.org,635.424.6678x7291,USA,"[""Educacion"", ""Finanzas""]","[""Nada"", ""Peanuts""]",http://linkedin.com/in/ficticio,nada,9.0,2024-07-03 10:20:20,2024-07-03 10:20:20
271,Briana,Cross,partner,6924058d-a8e0-46e8-a7f7-31cd5ad0d20d,4ztU8YF0w!,0,Tutor o Facilitador de e-Learning,Dev Solutions,walshsarah@example.com,938-234-1540,UK,"[""Finanzas"", ""Tecnologia""]","[""Peanuts"", ""Nada""]",http://linkedin.com/in/ficticio,nada,9.0,2024-07-03 10:20:20,2024-07-03 10:20:20
272,Joseph,Holmes,partner,9d0db064-47c4-46cb-ab2a-a7cb4163d7df,%JR4jqrc&9,1,Consultor de e-Learning,Innovate Ltd,calvinwilliams@example.com,877-607-2581,UK,"[""Finanzas"", ""Salud""]","[""Gluten"", ""Nada""]",http://linkedin.com/in/ficticio,nada,9.0,2024-07-03 10:20:20,2024-07-03 10:20:20
273,Jack,Newman,speaker,520705df-8d74-403c-a6d0-ca79389c9f65,z$05JSpl#r,1,Tutor o Facilitador de e-Learning,Innovate Ltd,thomasrose@example.org,216.838.0305x5734,USA,"[""Tecnologia"", ""Finanzas""]","[""Lactose"", ""Nada""]",http://linkedin.com/in/ficticio,nada,9.0,2024-07-03 10:20:20,2024-07-03 10:20:20
274,James,Cruz,user,7b833299-d997-4f3b-9009-9eeedf85a1c9,7r_T5GnLoE,0,Consultor de e-Learning,Dev Solutions,rjohnson@example.com,(822)774-3145x53726,Canada,"[""Salud"", ""Finanzas""]","[""Lactose"", ""Nada""]",http://linkedin.com/in/ficticio,nada,9.0,2024-07-03 10:20:20,2024-07-03 10:20:20
275,Joel,Fuller,partner,852997cb-c04a-454f-abca-452928929620,0Y^ZsdIj$2,0,Especialista en LMS (Learning Management Systems),Dev Solutions,monica84@example.com,977-437-2413x466,France,"[""Tecnologia"", ""Salud""]","[""Peanuts"", ""Nada""]",http://linkedin.com/in/ficticio,nada,9.0,2024-07-03 10:20:20,2024-07-03 10:20:20
276,Paige,Moore,partner,ae89afba-e85c-4a37-9468-a425f04d5cd5,s%)Ps0ks)5,0,Analista de Datos Educativos,Creative Inc,annaroth@example.org,513-771-3742,Canada,"[""Salud"", ""Tecnologia""]","[""Lactose"", ""Gluten""]",http://linkedin.com/in/ficticio,nada,9.0,2024-07-03 10:20:20,2024-07-03 10:20:20
277,Edward,Castro,partner,0ddffcfa-7906-4966-a4ca-6c366363754f,2iI)WwaS&U,1,Especialista en Evaluación y Certificación en Línea,Tech Corp,lisawhite@example.net,+1-721-259-9884,España,"[""Finanzas"", ""Educacion""]","[""Lactose"", ""Peanuts""]",http://linkedin.com/in/ficticio,nada,9.0,2024-07-03 10:20:20,2024-07-03 10:20:20
278,Joanna,Davis,partner,c7844de6-581e-483f-bdf3-e5ce94cbb67b,!*JeDGU^7z,0,Consultor de e-Learning,Tech Corp,williamgonzalez@example.com,720-751-0789x2605,España,"[""Educacion"", ""Finanzas""]","[""Nada"", ""Peanuts""]",http://linkedin.com/in/ficticio,nada,9.0,2024-07-03 10:20:20,2024-07-03 10:20:20
279,Eddie,Moore,user,89e414d0-458b-498b-8825-0f9d10acb53a,%6E6h*wo52,0,Tutor o Facilitador de e-Learning,Creative Inc,plee@example.net,001-480-232-0829x66847,Canada,"[""Educacion"", ""Finanzas""]","[""Gluten"", ""Nada""]",http://linkedin.com/in/ficticio,nada,9.0,2024-07-03 10:20:20,2024-07-03 10:20:20
280,Craig,Gallegos,user,6864a1f4-74b4-401e-87e0-aa8debf0a2a2,x4qF6*Tv2%,0,Diseñador Instruccional,Creative Inc,jilljensen@example.org,001-696-406-4928x203,UK,"[""Tecnologia"", ""Salud""]","[""Gluten"", ""Peanuts""]",http://linkedin.com/in/ficticio,nada,9.0,2024-07-03 10:20:20,2024-07-03 10:20:20
281,Tyler,Hernandez,user,154fed9c-609d-4888-b5de-135080f25ca5,17PdqMfy^3,0,Productor de Multimedia Educativa,Innovate Ltd,benjaminroth@example.org,001-473-764-5009x5276,Germany,"[""Finanzas"", ""Educacion""]","[""Peanuts"", ""Lactose""]",http://linkedin.com/in/ficticio,nada,9.0,2024-07-03 10:20:20,2024-07-03 10:20:20
282,John,Hernandez,user,228a0888-328b-45ba-a093-337356e44f2a,!LoNZV$Sz0,1,Desarrollador de Contenidos de e-Learning,Creative Inc,jbailey@example.net,+1-802-693-8729x615,España,"[""Finanzas"", ""Salud""]","[""Gluten"", ""Peanuts""]",http://linkedin.com/in/ficticio,nada,9.0,2024-07-03 10:20:20,2024-07-03 10:20:20
283,David,Johnson,speaker,53ae4e45-b9eb-4a65-883d-65c94904e3d6,(iXG@WoI)6,1,Especialista en LMS (Learning Management Systems),Creative Inc,aharris@example.com,+1-425-632-4421x39399,Germany,"[""Tecnologia"", ""Salud""]","[""Lactose"", ""Peanuts""]",http://linkedin.com/in/ficticio,nada,9.0,2024-07-03 10:20:20,2024-07-03 10:20:20
284,Lauren,Rivera,user,395c8f21-b00b-4c8a-97f9-fd50a3c06a0f,%0eddOykRU,1,Diseñador Instruccional,Dev Solutions,hannahwatts@example.net,(537)701-4592x513,France,"[""Educacion"", ""Tecnologia""]","[""Nada"", ""Gluten""]",http://linkedin.com/in/ficticio,nada,9.0,2024-07-03 10:20:20,2024-07-03 10:20:20
285,Emily,Brown,user,d01306d5-d85e-4ea1-8e86-0d6e9a0025c5,3lI5WVKa2_,0,Diseñador Instruccional,Dev Solutions,jdavis@example.com,761-370-1267x55569,España,"[""Educacion"", ""Finanzas""]","[""Gluten"", ""Peanuts""]",http://linkedin.com/in/ficticio,nada,9.0,2024-07-03 10:20:20,2024-07-03 10:20:20
286,Lynn,Scott,user,ec24a335-220a-4d22-9e7c-2f78c1f857a2,@6k5hGui$z,0,Coordinador de Programas de e-Learning,Innovate Ltd,richardsonjulie@example.com,925-216-0911x630,USA,"[""Salud"", ""Tecnologia""]","[""Nada"", ""Gluten""]",http://linkedin.com/in/ficticio,nada,9.0,2024-07-03 10:20:20,2024-07-03 10:20:20
287,Barbara,Washington,partner,71c32cef-e3dc-41ab-9a9e-f08551d6eba4,p8!Z6ZjCqn,1,Productor de Multimedia Educativa,Innovate Ltd,odavis@example.org,001-368-784-7982x1070,Germany,"[""Tecnologia"", ""Salud""]","[""Peanuts"", ""Nada""]",http://linkedin.com/in/ficticio,nada,9.0,2024-07-03 10:20:20,2024-07-03 10:20:20
288,Grant,Johnson,user,49609e20-047f-4ec6-b7e4-b269cb9e23fc,8ET)YupJ$A,1,Productor de Multimedia Educativa,Dev Solutions,shelleybarrett@example.net,556.984.3177,España,"[""Salud"", ""Finanzas""]","[""Nada"", ""Peanuts""]",http://linkedin.com/in/ficticio,nada,9.0,2024-07-03 10:20:20,2024-07-03 10:20:20
289,Jennifer,Bennett,speaker,0437b7d4-775b-400b-b79b-29682ffc6272,)vJ_74U_+6,0,Especialista en LMS (Learning Management Systems),Tech Corp,armstrongricardo@example.com,728-250-2660,UK,"[""Tecnologia"", ""Salud""]","[""Nada"", ""Peanuts""]",http://linkedin.com/in/ficticio,nada,9.0,2024-07-03 10:20:20,2024-07-03 10:20:20
290,Nicole,Escobar,user,ae41d2ba-a23b-4b8e-812c-cb6c710be30a,ze4Qx2M#$o,1,Productor de Multimedia Educativa,Creative Inc,paulmclaughlin@example.net,483.751.5517,España,"[""Salud"", ""Educacion""]","[""Peanuts"", ""Nada""]",http://linkedin.com/in/ficticio,nada,9.0,2024-07-03 10:20:20,2024-07-03 10:20:20
291,Lauren,Wade,user,f9fbd301-0744-465a-86de-2f8e96783bfd,%7CpJ$tl@U,1,Diseñador Gráfico para e-Learning,Innovate Ltd,kylie87@example.org,(872)465-0080x738,USA,"[""Finanzas"", ""Salud""]","[""Lactose"", ""Peanuts""]",http://linkedin.com/in/ficticio,nada,9.0,2024-07-03 10:20:20,2024-07-03 10:20:20
292,Heather,Estes,speaker,0c61fa22-e73e-472a-9207-9d093eb907df,#dEnT^OZW5,0,Especialista en LMS (Learning Management Systems),Tech Corp,nicoleherrera@example.net,+1-999-999-5515x672,France,"[""Finanzas"", ""Tecnologia""]","[""Nada"", ""Lactose""]",http://linkedin.com/in/ficticio,nada,9.0,2024-07-03 10:20:20,2024-07-03 10:20:20
293,Rachel,Banks,speaker,1114fc3f-7810-4d28-a305-41f7476dee77,o5)KDsip@J,1,Especialista en Evaluación y Certificación en Línea,Creative Inc,csawyer@example.net,363-589-3906x6224,España,"[""Finanzas"", ""Tecnologia""]","[""Nada"", ""Gluten""]",http://linkedin.com/in/ficticio,nada,9.0,2024-07-03 10:20:20,2024-07-03 10:20:20
294,Wendy,Hernandez,partner,32555a90-80fa-4a07-ae37-de427e21595d,I@68Gvesac,0,Consultor de e-Learning,Creative Inc,heatherweaver@example.org,+1-876-914-0738x424,USA,"[""Tecnologia"", ""Educacion""]","[""Gluten"", ""Peanuts""]",http://linkedin.com/in/ficticio,nada,9.0,2024-07-03 10:20:20,2024-07-03 10:20:20
295,Gary,Washington,speaker,e1e76e13-57b0-473a-9e42-423bbedaeb29,w#Xx9ItD$w,0,Diseñador Gráfico para e-Learning,Innovate Ltd,martinmark@example.org,247.869.4776x4621,Canada,"[""Finanzas"", ""Educacion""]","[""Lactose"", ""Nada""]",http://linkedin.com/in/ficticio,nada,9.0,2024-07-03 10:20:20,2024-07-03 10:20:20
296,Christina,Johnson,user,3b8b4043-e7c4-4de8-91e6-aa7298e35e96,&J^HKg0w^5,0,Coordinador de Programas de e-Learning,Tech Corp,jmoss@example.com,264.652.4464x334,USA,"[""Salud"", ""Educacion""]","[""Lactose"", ""Nada""]",http://linkedin.com/in/ficticio,nada,9.0,2024-07-03 10:20:20,2024-07-03 10:20:20
297,Amy,Rich,user,b97b9db1-b486-4f3e-b6e1-6556858d3af7,#BT8+X4h5f,0,Especialista en LMS (Learning Management Systems),Creative Inc,ggonzalez@example.com,(437)246-5291x49439,Germany,"[""Educacion"", ""Finanzas""]","[""Gluten"", ""Peanuts""]",http://linkedin.com/in/ficticio,nada,9.0,2024-07-03 10:20:20,2024-07-03 10:20:20
298,Angela,Munoz,partner,ed89f7e8-d8b9-489b-93db-711d467e58f0,@T0&rF$iC5,1,Diseñador Instruccional,Innovate Ltd,zhall@example.org,001-638-578-7387x0049,España,"[""Salud"", ""Finanzas""]","[""Peanuts"", ""Nada""]",http://linkedin.com/in/ficticio,nada,9.0,2024-07-03 10:20:20,2024-07-03 10:20:20
299,Destiny,Patel,speaker,a878ed79-2666-40b5-b810-2d51e54d75ae,3aQ0%JpM(a,1,Diseñador Gráfico para e-Learning,Tech Corp,dustingraham@example.com,(780)952-6474x215,France,"[""Tecnologia"", ""Finanzas""]","[""Nada"", ""Peanuts""]",http://linkedin.com/in/ficticio,nada,9.0,2024-07-03 10:20:20,2024-07-03 10:20:20
300,Kristina,Bolton,user,de3786a0-7d98-437a-b76d-198626996aac,1g0lYc9OR*,1,Diseñador Gráfico para e-Learning,Tech Corp,martinezkevin@example.net,+1-768-352-7628x461,France,"[""Tecnologia"", ""Salud""]","[""Gluten"", ""Nada""]",http://linkedin.com/in/ficticio,nada,9.0,2024-07-03 10:20:20,2024-07-03 10:20:20
301,Prueba,Prueba,user,eyJhbGciOiJIUzI1NiIsInR5cCI6IkpXVCJ9.eyJpZCI6MzAxLCJpYXQiOjE3MjAwMzE5NDN9.0R--6YJreRPwqKvulAllM56seNZZ02iffBD-pOrHEVU,$2a$10$hOQ9yy60q/Etxv3byQ6eZOiw9TG4rMrd2FfoSBRGxyyvFoWBBr5Bq,1,Coordinador de Programas de e-Learning,Prueba,prueba@gmail.com,6666666666,Spain,"[""Antiplagio"",""LMS Corporativo""]","[""Sulfitos""]",,d,,2024-07-03 10:21:43,2024-07-03 18:39:03
302,Juan Carlos,Lacruz,admin,eyJhbGciOiJIUzI1NiIsInR5cCI6IkpXVCJ9.eyJpZCI6MzAyLCJpYXQiOjE3MjAwNzgxMTB9.nU_8Lzf3BzCCDypemjjsQ4OiX3D-059JO13Xw6ap4XU,$2a$10$OLlCRdA2F5v/DMyGEexaMuXI0yPUbInECLLISYiDUg1iPkyZY4QRm,0,Desarrollador de Contenidos de e-Learning,Prueba SL,juancarlos@gmail.com,634430659,Spain,"[""Salud"", ""Educacion""]","[""Sésamo""]",,sa,1.0,2024-07-03 13:11:56,2024-07-04 07:28:30
